Volume of imports of major arms by the top 195 largest recipients  2010-2025;,,,,,,,,,,,,,,,,,,,,,,,,,,,,,,,,,
Figures are in millions of SIPRI trend-indicator values (TIVs).,,,,,,,,,,,,,,,,,,,,,,,,,,,,,,,,,
A '0' indicates that the volume of deliveries is between 0 and 0.5 million SIPRI TIV. An empty field indicates that no deliveries have been identified.,,,,,,,,,,,,,,,,,,,,,,,,,,,,,,,,,
Figures may not add up to stated totals due to the conventions of rounding.,,,,,,,,,,,,,,,,,,,,,,,,,,,,,,,,,
For the method used for the SIPRI TIV see <https://www.sipri.org/databases/armstransfers/sources-and-methods>.,,,,,,,,,,,,,,,,,,,,,,,,,,,,,,,,,
,,,,,,,,,,,,,,,,,,,,,,,,,,,,,,,,,
Source: SIPRI Arms Transfers Database (c) SIPRI.,,,,,,,,,,,,,,,,,,,,,,,,,,,,,,,,,
Data generated: 19 May 2026 4:55:39 AM,,,,,,,,,,,,,,,,,,,,,,,,,,,,,,,,,
,,,,,,,,,,,,,,,,,,,,,,,,,,,,,,,,,
,,,,,,,,,,,,,,,,,,,,,,,,Main suppliers (share of importers total %) 2010-2025,,,,,,,,,
,Rank 2010-2025,Rank 1994-2009,Recipient,2010,2011,2012,2013,2014,2015,2016,2017,2018,2019,2020,2021,2022,2023,2024,2025,2010-2025, Share of global arms imports,1994-2009 Total, Percentage change from 1994-2009 to 2010-2025,1,2,3,4,5,6,7,8,9,10
,1,2,India,2897,3625,4506,5302,3282,2733,2651,2682,1982,3202,2670,3958,2701,1540,1603,2863,48200,10%,24331,98%,Russia (57),France (13),United States (11),Israel (9.9),United Kingdom (2.8),Germany (1.1),South Korea (0.9),Ukraine (0.9),Uzbekistan (0.9),Italy (0.9)
,,,India N,2878,3625,4506,5302,3282,2733,2651,2682,1982,3202,2670,3958,2701,1540,1603,2839,48156,10%,,,,,,,,,,,,
,,,India S,,,,,,,,,,,,,,,,24,24,0.00%,,,,,,,,,,,,
,,,India R,20,,,,,,,,,,,,,,,,20,0.00%,,,,,,,,,,,,
,2,7,Saudi Arabia,1109,1176,835,1686,2717,3474,2909,3852,2944,3033,2241,1747,3053,1326,1238,3042,36382,7.90%,14806,146%,United States (67),United Kingdom (13),France (6.7),Spain (3.0),Canada (2.4),Germany (1.8),Switzerland (1.1),Turkiye (1.0),China (1.0),Belgium (0.7)
,,,Saudi Arabia N,1103,1176,835,1652,2716,3451,2843,3842,2944,3033,2241,1747,3033,1326,1238,3042,36222,7.80%,,,,,,,,,,,,
,,,Saudi Arabia S,6,,,32,0,24,66,10,,,,,20,,,,158,0.00%,,,,,,,,,,,,
,,,Saudi Arabia R,,,,2,,,,,,,,,,,,,2,0.00%,,,,,,,,,,,,
,3,15,Australia,1558,1582,787,220,848,1445,1012,1664,1553,1159,1632,1218,809,376,1077,826,17764,3.80%,8601,107%,United States (71),Spain (15),France (6.0),Germany (1.7),Switzerland (1.4),United Kingdom (1.3),Ireland (1.0),Italy (1.0),Norway (0.7),Netherlands (0.3)
,,,Australia N,1558,1542,747,220,848,1445,1012,1651,1553,1152,1632,1215,809,352,1077,815,17627,3.80%,,,,,,,,,,,,
,,,Australia S,,40,40,,,,,13,,7,,2,,24,,10,138,0.00%,,,,,,,,,,,,
,4,12,Pakistan,2232,1178,1024,1112,877,771,872,870,893,654,624,984,1529,2199,1068,706,17592,3.80%,9972,76%,China (67),United States (12),Turkiye (3.7),Italy (3.6),Sweden (3.0),Russia (2.8),Netherlands (2.2),Ukraine (1.6),Jordan (0.8),Germany (0.6)
,,,Pakistan N,2121,853,1017,1026,722,641,835,840,811,640,624,921,1364,2187,1068,706,16376,3.50%,,,,,,,,,,,,
,,,Pakistan S,55,14,7,86,155,130,37,30,82,14,,63,165,11,,,849,0.20%,,,,,,,,,,,,
,,,Pakistan R,56,310,,,,,,,,,,,,,,,366,0.10%,,,,,,,,,,,,
,5,10,United Arab Emirates,650,1217,1139,2324,736,1691,1491,909,1165,750,660,577,756,918,1086,868,16935,3.70%,11991,41%,United States (58),France (13),Russia (5.3),South Africa (3.1),Sweden (3.0),Turkiye (2.9),Italy (2.8),South Korea (2.5),Canada (1.4),Germany (1.4)
,,,United Arab Emirates N,592,1177,1139,2324,732,1691,1438,906,1161,749,660,577,756,918,1081,850,16752,3.60%,,,,,,,,,,,,
,,,United Arab Emirates S,18,,,,,,53,2,3,1,,,,,,,78,0.00%,,,,,,,,,,,,
,,,United Arab Emirates R,40,40,,,4,,,,,,,,,,4,18,106,0.00%,,,,,,,,,,,,
,6,8,Egypt,689,653,308,719,430,1443,1653,2480,1637,1088,1398,1299,742,1152,128,697,16516,3.60%,13027,27%,France (28),Russia (27),United States (18),Germany (13),Italy (7.7),United Arab Emirates (1.9),Spain (1.8),Netherlands (0.9),United Kingdom (0.6),South Korea (0.6)
,,,Egypt N,689,653,308,719,421,1422,1561,2372,1565,995,1357,1288,732,1013,128,697,15921,3.40%,,,,,,,,,,,,
,,,Egypt S,,,,,9,21,92,107,72,93,41,10,10,139,,,595,0.10%,,,,,,,,,,,,
,7,1,China,940,1033,1542,1221,1033,1190,1209,1546,2254,1571,775,685,646,428,71,207,16351,3.50%,30321,-46%,Russia (67),France (12),Ukraine (11),United Kingdom (3.3),Switzerland (3.2),Germany (1.5),Belarus (1.0),Uzbekistan (0.6),,
,,,China N,940,1033,911,983,909,785,972,1546,2254,1571,775,685,646,428,71,207,14716,3.20%,,,,,,,,,,,,
,,,China S,,,632,238,68,68,68,,,,,,,,,,1074,0.20%,,,,,,,,,,,,
,,,China R,,,,,56,337,168,,,,,,,,,,561,0.10%,,,,,,,,,,,,
,8,57,Qatar,30,190,335,82,55,490,596,285,613,2230,1082,2288,3336,2006,1194,1054,15868,3.40%,1140,1292%,United States (49),France (18),Italy (14),United Kingdom (11),Germany (3.4),Turkiye (2.6),China (0.8),Switzerland (0.8),Russia (0.3),Norway (0.2)
,,,Qatar N,30,190,335,82,55,490,596,285,613,2230,1082,2263,3308,2006,1194,1054,15814,3.40%,,,,,,,,,,,,
,,,Qatar S,,,,,,,,,,,,25,29,,,,54,0.00%,,,,,,,,,,,,
,9,247,Ukraine,,,,,1,22,5,4,67,31,18,44,2967,4294,5341,2264,15057,3.30%,,,United States (41),Germany (14),Poland (9.4),United Kingdom (4.7),France (4.2),Czechia (3.2),Netherlands (2.9),Canada (2.6),Norway (2.2),Denmark (1.7)
,,,Ukraine N,,,,,1,13,,,7,14,5,23,597,1187,2162,1067,5076,1.10%,,,,,,,,,,,,
,,,Ukraine S,,,,,,10,5,4,30,17,13,21,2320,3049,3095,1189,9752,2.10%,,,,,,,,,,,,
,,,Ukraine R,,,,,,,,,30,,,,50,58,84,7,229,0.00%,,,,,,,,,,,,
,10,3,South Korea,1299,1568,1077,189,742,268,1038,962,1030,1605,1273,812,423,218,1031,222,13754,3.00%,20389,-33%,United States (76),Germany (16),France (3.4),United Kingdom (1.9),Israel (1.7),Sweden (0.8),Netherlands (0.1),Poland (0.0),Austria (0.0),
,,,South Korea N,1274,1543,1056,189,639,268,1038,962,1030,1605,1273,812,423,218,1031,222,13581,2.90%,,,,,,,,,,,,
,,,South Korea S,25,25,21,,103,,,,,,,,,,,,174,0.00%,,,,,,,,,,,,
,11,11,United States,969,937,1138,767,568,482,447,504,379,882,806,922,846,891,1053,745,12336,2.70%,10041,23%,United Kingdom (17),Germany (15),France (11),Netherlands (8.5),Italy (7.3),Israel (7.0),Canada (6.1),Norway (4.7),Australia (4.5),Switzerland (4.4)
,,,United States N,948,827,931,613,527,478,418,393,351,758,412,529,665,794,714,673,10032,2.20%,,,,,,,,,,,,
,,,United States S,21,110,206,154,41,4,29,111,28,123,394,393,181,97,338,72,2304,0.50%,,,,,,,,,,,,
,12,17,Algeria,831,1133,662,361,715,897,2916,1158,1278,167,601,164,450,394,205,108,12040,2.60%,6373,89%,Russia (68),China (12),Germany (8.4),Italy (4.3),France (2.0),United Kingdom (1.4),United States (1.4),United Arab Emirates (0.9),Sweden (0.9),Ukraine (0.4)
,,,Algeria N,831,1133,662,361,715,897,2916,1158,1278,167,601,164,418,394,205,108,12008,2.60%,,,,,,,,,,,,
,,,Algeria S,,,,,,,,,,,,,32,,,,32,0.00%,,,,,,,,,,,,
,13,9,Japan,658,300,239,341,316,343,332,446,764,992,929,1009,1466,852,1043,1715,11746,2.50%,12338,-4.80%,United States (95),United Kingdom (3.2),Germany (0.7),Sweden (0.6),Norway (0.5),France (0.3),Finland (0.1),Australia (0.0),,
,,,Japan N,658,300,239,341,275,306,296,446,764,992,929,1009,1466,852,1043,1715,11631,2.50%,,,,,,,,,,,,
,,,Japan R,,,,,41,37,37,,,,,,,,,,115,0.00%,,,,,,,,,,,,
,14,4,Turkiye,469,794,1482,769,1529,446,324,427,476,742,110,249,187,679,381,381,9446,2.00%,17556,-46%,United States (42),Spain (15),Italy (14),Germany (9.8),South Korea (7.5),Russia (3.8),Netherlands (2.9),Israel (2.3),China (1.1),Saudi Arabia (0.6)
,,,Turkiye N,453,708,1429,767,1505,446,324,427,476,742,110,249,187,679,381,381,9266,2.00%,,,,,,,,,,,,
,,,Turkiye S,16,86,43,2,24,,,,,,,,,,,,171,0.00%,,,,,,,,,,,,
,,,Turkiye R,,,9,,,,,,,,,,,,,,9,0.00%,,,,,,,,,,,,
,15,14,United Kingdom,461,347,566,509,217,424,288,1002,463,402,635,886,859,469,486,609,8622,1.90%,9005,-4.30%,United States (77),South Korea (6.2),Israel (4.8),France (4.4),Germany (2.3),Netherlands (1.6),Sweden (1.4),Spain (1.0),Singapore (0.4),Finland (0.3)
,,,United Kingdom N,461,335,566,489,217,424,288,1002,463,402,635,886,835,461,466,609,8538,1.80%,,,,,,,,,,,,
,,,United Kingdom S,,12,,20,,,,,,,,,24,8,20,,84,0.00%,,,,,,,,,,,,
,16,30,Indonesia,221,257,162,833,1195,438,352,1171,357,239,283,366,86,390,185,1277,7812,1.70%,3527,122%,United States (16),South Korea (13),Italy (13),United Kingdom (9.8),France (9.6),Russia (8.7),Germany (6.6),Netherlands (6.3),China (3.6),Spain (2.7)
,,,Indonesia N,221,233,156,810,1009,290,119,877,340,239,283,366,86,388,185,1277,6878,1.50%,,,,,,,,,,,,
,,,Indonesia S,,24,6,5,74,36,29,37,3,,,,,2,,,215,0.00%,,,,,,,,,,,,
,,,Indonesia R,,,,18,113,112,204,258,14,,,,,,,,719,0.20%,,,,,,,,,,,,
,17,46,Iraq,480,623,523,375,629,1488,1831,945,454,144,5,,55,30,80,55,7716,1.70%,1647,368%,United States (51),Russia (27),South Korea (5.6),Ukraine (3.3),Czechia (2.5),Bulgaria (2.1),Italy (1.9),France (1.7),China (1.2),Germany (1.1)
,,,Iraq N,463,544,433,320,549,1293,1696,916,446,128,2,,37,19,74,55,6975,1.50%,,,,,,,,,,,,
,,,Iraq S,17,39,11,15,79,188,135,29,9,16,3,,18,11,6,,576,0.10%,,,,,,,,,,,,
,,,Iraq R,,39,79,41,,7,,,,,,,,,,,165,0.00%,,,,,,,,,,,,
,18,39,Viet Nam,161,1016,782,360,1225,869,924,783,604,166,38,235,86,45,58,177,7527,1.60%,1979,280%,Russia (78),Israel (7.1),Belarus (4.0),United States (2.6),South Korea (2.4),Ukraine (1.8),Czechia (1.7),Netherlands (1.1),Spain (0.5),Canada (0.4)
,,,Viet Nam N,161,1016,782,360,1220,869,919,669,544,166,38,181,86,15,58,63,7144,1.50%,,,,,,,,,,,,
,,,Viet Nam S,,,,,5,,5,114,60,,,54,,30,,114,383,0.10%,,,,,,,,,,,,
,19,16,Singapore,937,879,746,753,66,152,642,408,562,487,176,226,516,495,378,57,7479,1.60%,7578,-1.30%,United States (47),France (17),Germany (16),Israel (6.9),Sweden (3.4),South Africa (2.8),Italy (2.7),United Kingdom (1.8),Netherlands (1.2),Australia (1.1)
,,,Singapore N,776,609,633,749,66,152,623,360,514,482,176,226,516,495,378,57,6812,1.50%,,,,,,,,,,,,
,,,Singapore R,161,270,114,4,,,18,48,48,5,,,,,,,667,0.10%,,,,,,,,,,,,
,20,27,Poland,174,141,227,146,275,127,45,126,50,213,153,68,414,1391,1542,2169,7262,1.60%,3787,92%,United States (37),South Korea (37),Finland (6.1),Italy (5.8),Germany (4.7),Norway (1.8),Israel (1.6),United Kingdom (1.5),Sweden (1.4),Spain (0.9)
,,,Poland N,143,125,211,146,113,65,40,126,50,213,153,68,298,1300,1362,2097,6510,1.40%,,,,,,,,,,,,
,,,Poland S,,,,,162,62,5,,,,,,117,91,180,72,689,0.10%,,,,,,,,,,,,
,,,Poland R,32,16,16,,,,,,,,,,,,,,63,0.00%,,,,,,,,,,,,
,21,13,Israel,76,86,137,160,549,694,652,565,491,516,379,458,833,863,237,537,7233,1.60%,9690,-25%,United States (69),Germany (27),Italy (4.1),Canada (0.1),,,,,,
,,,Israel N,76,62,102,85,523,653,481,565,491,516,379,458,833,775,196,477,6672,1.40%,,,,,,,,,,,,
,,,Israel S,,24,35,75,26,42,171,,,,,,,88,41,60,561,0.10%,,,,,,,,,,,,
,22,60,Morocco,347,1289,1052,62,572,47,287,605,462,48,16,53,507,501,130,392,6367,1.40%,1091,484%,United States (48),France (26),Netherlands (8.6),China (7.9),Israel (5.9),Italy (1.7),Turkiye (1.0),Germany (0.4),Ukraine (0.3),Canada (0.2)
,,,Morocco N,338,1288,1022,43,568,11,219,548,462,26,12,52,507,501,130,347,6073,1.30%,,,,,,,,,,,,
,,,Morocco S,9,1,30,19,4,,68,56,,22,4,1,,,,45,258,0.10%,,,,,,,,,,,,
,,,Morocco R,,,,,,36,,,,,,,,,,,36,0.00%,,,,,,,,,,,,
,23,31,Kuwait,87,116,31,73,701,317,147,113,96,55,67,1565,1569,497,388,311,6133,1.30%,3293,86%,United States (66),Italy (22),France (5.9),Russia (2.5),Switzerland (1.1),Turkiye (0.7),United Arab Emirates (0.6),Austria (0.4),United Kingdom (0.1),Germany (0.1)
,,,Kuwait N,87,116,31,73,701,317,147,113,96,55,67,1565,1569,497,388,311,6133,1.30%,,,,,,,,,,,,
,24,29,Norway,150,607,147,51,16,143,142,353,520,389,459,503,700,200,379,407,5167,1.10%,3566,45%,United States (75),Spain (8.7),South Korea (4.7),Italy (3.2),France (2.3),Sweden (1.6),United Kingdom (1.5),Germany (1.1),Denmark (0.8),South Africa (0.5)
,,,Norway N,150,607,147,51,16,143,142,353,520,389,459,503,700,200,379,407,5167,1.10%,,,,,,,,,,,,
,25,32,Netherlands,171,115,190,488,8,51,69,33,139,494,575,512,725,374,333,824,5101,1.10%,2975,71%,United States (78),Romania (6.8),Sweden (5.2),Italy (4.4),Germany (3.1),Israel (1.1),France (0.6),Finland (0.3),Norway (0.2),Australia (0.2)
,,,Netherlands N,149,115,189,468,8,51,69,33,80,493,573,507,708,374,328,824,4969,1.10%,,,,,,,,,,,,
,,,Netherlands S,22,,1,19,,,,,,,,2,17,,5,,66,0.00%,,,,,,,,,,,,
,,,Netherlands R,,,,,,,,,59,2,2,2,,,,,66,0.00%,,,,,,,,,,,,
,26,23,Italy,98,286,189,71,127,237,734,709,275,178,201,211,237,425,494,566,5038,1.10%,4420,14%,United States (77),Germany (13),Israel (4.8),France (3.6),United Kingdom (1.4),Sweden (0.4),Canada (0.1),,,
,,,Italy N,98,286,189,71,127,237,730,709,275,178,201,211,237,425,494,566,5034,1.10%,,,,,,,,,,,,
,,,Italy S,,,,,,,4,,,,,,,,,,4,0.00%,,,,,,,,,,,,
,27,5,Taiwan,71,173,411,614,1082,535,93,487,92,55,111,158,162,205,367,398,5014,1.10%,16940,-70%,United States (97),Germany (1.9),Italy (0.4),United Kingdom (0.2),,,,,,
,,,Taiwan N,71,173,340,614,1082,535,93,91,92,55,111,158,162,205,367,398,4546,1.00%,,,,,,,,,,,,
,,,Taiwan R,,,72,,,,,396,,,,,,,,,468,0.10%,,,,,,,,,,,,
,28,6,Greece,630,70,19,28,204,728,302,51,39,93,92,231,441,404,631,574,4536,1.00%,15517,-71%,France (38),Germany (32),United States (20),United Kingdom (5.3),Italy (2.4),Netherlands (1.4),Israel (1.2),Denmark (0.0),Russia (0.0),
,,,Greece N,518,70,19,26,145,711,280,26,18,6,86,,332,180,510,574,3499,0.80%,,,,,,,,,,,,
,,,Greece S,112,,,2,59,18,22,25,22,87,6,13,74,43,121,,601,0.10%,,,,,,,,,,,,
,,,Greece R,,,,,,,,,,,,218,36,182,,,436,0.10%,,,,,,,,,,,,
,29,56,Bangladesh,36,120,199,648,207,638,455,334,161,713,70,60,331,74,70,32,4148,0.90%,1278,224%,China (70),Russia (11),Turkiye (4.1),United States (3.1),United Kingdom (2.6),Italy (1.9),Ukraine (1.7),France (1.6),Serbia (1.3),Germany (0.9)
,,,Bangladesh N,13,120,199,594,127,584,362,334,161,517,36,54,310,70,51,32,3564,0.80%,,,,,,,,,,,,
,,,Bangladesh S,23,,,54,80,54,,,,196,34,6,21,4,18,,491,0.10%,,,,,,,,,,,,
,,,Bangladesh R,,,,,,,92,,,,,,,,,,92,0.00%,,,,,,,,,,,,
,30,69,Azerbaijan,163,569,397,398,642,351,287,290,375,44,51,,9,3,75,463,4117,0.90%,746,452%,Russia (52),Israel (24),Belarus (7.6),Turkiye (4.6),China (3.1),Pakistan (2.9),Ukraine (1.5),South Africa (1.2),Serbia (0.9),Italy (0.8)
,,,Azerbaijan N,134,504,323,360,606,351,287,263,353,44,51,,9,3,75,463,3825,0.80%,,,,,,,,,,,,
,,,Azerbaijan S,24,51,75,5,3,,,15,10,,,,,,,,182,0.00%,,,,,,,,,,,,
,,,Azerbaijan R,6,14,,33,33,,,12,12,,,,,,,,109,0.00%,,,,,,,,,,,,
,31,24,Brazil,256,231,317,217,201,202,111,96,258,125,134,240,469,193,450,462,3962,0.90%,4086,-3.10%,France (37),United States (14),Italy (9.2),Sweden (9.2),United Kingdom (8.9),Germany (8.3),Israel (4.5),Russia (4.4),Ireland (1.2),Spain (0.9)
,,,Brazil N,173,105,268,145,143,120,80,91,97,97,118,240,423,187,450,462,3199,0.70%,,,,,,,,,,,,
,,,Brazil S,83,126,45,71,58,82,31,4,161,2,16,,46,6,,,732,0.20%,,,,,,,,,,,,
,,,Brazil R,,,4,,,,,,,26,,,,,,,30,0.00%,,,,,,,,,,,,
,32,19,Canada,242,356,207,202,316,408,246,354,185,187,248,357,214,73,198,83,3874,0.80%,5060,-23%,United States (60),Spain (8.5),Netherlands (7.8),Australia (7.0),Israel (4.2),Germany (3.6),United Arab Emirates (2.4),Belgium (2.3),Sweden (1.8),Greece (0.8)
,,,Canada N,242,343,191,170,282,389,245,324,185,142,128,198,178,27,131,83,3258,0.70%,,,,,,,,,,,,
,,,Canada S,,13,16,32,34,19,0,30,,45,120,159,36,46,67,,617,0.10%,,,,,,,,,,,,
,33,26,Thailand,60,252,278,383,107,184,346,317,636,293,141,151,271,290,73,33,3813,0.80%,3919,-2.70%,China (21),Ukraine (13),United States (12),South Korea (12),Sweden (12),Germany (4.8),France (4.6),Italy (4.0),Israel (3.9),United Kingdom (2.8)
,,,Thailand N,34,230,246,365,107,184,346,312,636,290,127,151,269,283,73,33,3683,0.80%,,,,,,,,,,,,
,,,Thailand S,27,7,27,18,,,,6,,3,14,,2,7,,,110,0.00%,,,,,,,,,,,,
,,,Thailand R,,15,5,,,,,,,,,,,,,,20,0.00%,,,,,,,,,,,,
,34,28,Germany,301,79,140,103,77,119,55,43,14,38,105,235,269,203,240,1632,3654,0.80%,3592,1.70%,Israel (41),United States (39),Sweden (3.8),France (3.6),Switzerland (3.1),Netherlands (3.1),Italy (2.2),United Kingdom (1.6),Canada (1.2),Belgium (0.3)
,,,Germany N,301,79,100,103,77,91,55,9,14,38,91,235,269,203,240,1632,3536,0.80%,,,,,,,,,,,,
,,,Germany S,,,40,,,28,,35,,,14,,1,,,,118,0.00%,,,,,,,,,,,,
,35,72,Afghanistan,365,632,518,253,323,131,170,235,312,379,231,65,,,,,3614,0.80%,585,518%,United States (75),Russia (15),Italy (3.8),Brazil (3.2),Switzerland (0.9),Bosnia-Herzegovina (0.5),India (0.4),Belarus (0.4),Canada (0.4),United Kingdom (0.2)
,,,Afghanistan N,300,485,422,228,311,82,167,218,134,273,208,62,,,,,2888,0.60%,,,,,,,,,,,,
,,,Afghanistan S,6,84,67,25,11,50,3,,62,25,10,3,,,,,346,0.10%,,,,,,,,,,,,
,,,Afghanistan R,59,63,30,,,,,17,116,82,13,,,,,,380,0.10%,,,,,,,,,,,,
,36,36,Myanmar,62,668,398,252,112,258,284,210,203,206,217,67,229,132,222,70,3590,0.80%,2264,59%,China (50),Russia (36),India (5.7),South Korea (2.4),Belarus (1.8),Israel (1.3),unknown supplier(s) (0.8),Ukraine (0.6),France (0.6),Netherlands (0.5)
,,,Myanmar N,35,642,335,252,109,242,283,192,192,192,70,31,215,132,222,70,3215,0.70%,,,,,,,,,,,,
,,,Myanmar S,,1,59,,4,4,1,18,10,14,,36,14,,,,160,0.00%,,,,,,,,,,,,
,,,Myanmar R,27,25,4,,,12,,,,,146,,1,,,,215,0.00%,,,,,,,,,,,,
,37,79,Philippines,3,63,21,83,12,153,228,278,17,191,385,365,280,108,305,846,3337,0.70%,402,730%,South Korea (40),United States (19),Israel (15),Indonesia (5.3),India (3.5),Germany (3.0),Turkiye (2.8),Spain (2.8),Italy (1.8),Japan (1.3)
,,,Philippines N,3,4,21,23,,131,141,271,11,125,385,351,274,90,294,846,2971,0.60%,,,,,,,,,,,,
,,,Philippines S,,59,,60,,18,87,6,6,66,,14,,17,11,,345,0.10%,,,,,,,,,,,,
,,,Philippines R,,,,,12,4,,,,,,,5,,,,22,0.00%,,,,,,,,,,,,
,38,66,Kazakhstan,59,63,96,143,83,446,255,221,279,232,270,195,191,223,460,18,3234,0.70%,833,288%,Russia (84),Spain (5.7),Ukraine (2.4),South Africa (2.0),France (1.6),Germany (1.6),Turkiye (1.0),Canada (0.4),China (0.4),United States (0.4)
,,,Kazakhstan N,59,53,86,143,83,281,255,221,279,232,270,195,191,223,460,18,3049,0.70%,,,,,,,,,,,,
,,,Kazakhstan S,,10,10,,,165,,,,,,,,,,,185,0.00%,,,,,,,,,,,,
,39,42,Oman,31,21,127,492,719,152,422,757,282,88,85,4,4,4,,,3187,0.70%,1818,75%,United Kingdom (38),United States (25),France (8.1),Turkiye (6.3),Spain (6.0),Norway (4.7),Singapore (4.4),Netherlands (2.8),Australia (1.3),Italy (1.2)
,,,Oman N,31,21,127,492,719,152,422,757,282,88,85,4,4,4,,,3187,0.70%,,,,,,,,,,,,
,40,34,Venezuela,211,600,692,1006,186,138,95,,14,,79,,,98,,,3119,0.70%,2732,14%,Russia (59),China (17),Spain (11),Netherlands (8.0),Iran (2.2),Germany (1.5),Italy (0.6),Ukraine (0.5),Austria (0.3),United States (0.2)
,,,Venezuela N,211,521,607,967,176,138,95,,14,,79,,,98,,,2905,0.60%,,,,,,,,,,,,
,,,Venezuela S,,6,,,2,,,,,,,,,,,,8,0.00%,,,,,,,,,,,,
,,,Venezuela R,,74,86,39,8,,,,,,,,,,,,206,0.00%,,,,,,,,,,,,
,41,88,Belarus,,75,75,75,66,98,120,158,142,333,13,69,215,178,399,466,2482,0.50%,232,971%,Russia (99),Ukraine (0.4),China (0.2),Iran (0.0),,,,,,
,,,Belarus N,,75,75,75,,42,102,158,142,333,13,69,178,140,399,466,2265,0.50%,,,,,,,,,,,,
,,,Belarus S,,,,,66,56,19,,,,,,37,38,,,217,0.00%,,,,,,,,,,,,
,42,59,Syria,420,485,532,498,7,16,18,52,199,104,80,7,,,,2,2421,0.50%,1097,121%,Russia (91),Iran (7.9),China (0.8),Turkiye (0.1),,,,,,
,,,Syria N,420,485,532,498,7,,15,15,,,8,4,,,,,1983,0.40%,,,,,,,,,,,,
,,,Syria S,,,,,,16,3,37,106,104,72,4,,,,2,345,0.10%,,,,,,,,,,,,
,,,Syria R,,,,,,,,,93,,,,,,,,93,0.00%,,,,,,,,,,,,
,43,20,Spain,272,166,219,155,109,152,104,82,149,35,70,134,198,159,159,237,2397,0.50%,5054,-53%,Germany (31),United States (30),France (19),Switzerland (9.8),Israel (5.3),Austria (2.0),United Kingdom (1.3),Canada (0.8),Italy (0.5),Sweden (0.2)
,,,Spain N,272,166,216,155,109,99,100,75,144,35,70,124,189,159,150,219,2277,0.50%,,,,,,,,,,,,
,,,Spain S,,,,,,54,5,3,,,,,9,,9,9,88,0.00%,,,,,,,,,,,,
,,,Spain R,,,3,,,,,5,5,,,10,,,,10,32,0.00%,,,,,,,,,,,,
,44,38,Jordan,87,211,185,72,194,228,243,363,170,213,148,67,50,22,34,,2288,0.50%,2063,11%,United States (30),Netherlands (27),Russia (12),United Arab Emirates (9.6),Belgium (4.5),Germany (4.0),Italy (3.4),Switzerland (2.6),China (2.2),Israel (2.1)
,,,Jordan N,85,42,86,57,33,47,81,160,127,188,4,,12,16,34,,971,0.20%,,,,,,,,,,,,
,,,Jordan S,2,168,99,16,161,181,129,193,15,15,127,67,38,6,,,1218,0.30%,,,,,,,,,,,,
,,,Jordan R,,,,,,,33,10,28,10,18,,,,,,99,0.00%,,,,,,,,,,,,
,45,45,Denmark,22,6,103,34,176,42,103,53,54,55,63,264,214,280,440,278,2189,0.50%,1652,32%,United States (71),Germany (7.3),Switzerland (7.1),Netherlands (6.2),Israel (5.5),Sweden (1.7),United Kingdom (0.6),France (0.5),Canada (0.1),Finland (0.0)
,,,Denmark N,22,,103,34,176,8,72,53,54,55,63,264,214,277,434,278,2107,0.50%,,,,,,,,,,,,
,,,Denmark S,,6,,,,34,31,1,,,,,,,4,,76,0.00%,,,,,,,,,,,,
,,,Denmark R,,,,,,,,,,,,,,3,2,,6,0.00%,,,,,,,,,,,,
,46,50,Romania,107,80,21,20,0,22,177,88,36,13,168,105,186,364,320,421,2128,0.50%,1545,38%,United States (44),Portugal (13),Norway (11),Netherlands (9.6),Italy (5.3),Turkiye (4.8),Switzerland (4.0),Israel (3.9),United Kingdom (1.7),South Korea (1.2)
,,,Romania N,107,80,21,20,0,22,5,32,28,13,122,82,186,289,183,129,1322,0.30%,,,,,,,,,,,,
,,,Romania S,,,,,0,,3,,7,,46,23,,75,137,292,581,0.10%,,,,,,,,,,,,
,,,Romania R,,,,,,,169,56,,,,,,,,,226,0.00%,,,,,,,,,,,,
,47,22,Chile,474,326,61,55,135,135,70,49,74,16,304,66,207,9,14,14,2009,0.40%,4683,-57%,United States (23),Germany (15),United Kingdom (13),Australia (12),France (11),Netherlands (10),Brazil (4.0),Spain (3.9),Israel (2.6),Norway (2.2)
,,,Chile N,133,108,13,54,135,110,52,49,74,16,63,44,3,3,14,14,883,0.20%,,,,,,,,,,,,
,,,Chile S,188,218,38,1,,15,18,,,,242,22,205,7,,,953,0.20%,,,,,,,,,,,,
,,,Chile R,153,,10,,,10,,,,,,,,,,,173,0.00%,,,,,,,,,,,,
,48,64,Bahrain,98,4,24,69,1,17,30,27,72,21,27,184,259,294,850,30,2005,0.40%,904,122%,United States (88),Turkiye (3.8),United Kingdom (2.4),Russia (1.6),Italy (1.3),France (0.9),United Arab Emirates (0.7),China (0.4),Belgium (0.3),Canada (0.2)
,,,Bahrain N,88,4,24,69,1,15,27,11,38,19,12,184,216,294,730,30,1760,0.40%,,,,,,,,,,,,
,,,Bahrain S,10,,,,,2,3,16,34,2,15,,43,,120,,245,0.10%,,,,,,,,,,,,
,49,40,Mexico,109,225,260,52,89,324,328,215,16,,277,3,,4,46,9,1957,0.40%,1936,1.10%,United States (42),Netherlands (18),Spain (15),France (11),Italy (3.8),Canada (3.0),United Arab Emirates (2.6),Israel (1.5),Russia (1.5),Sweden (0.6)
,,,Mexico N,109,225,260,52,89,324,320,215,16,,277,3,,4,46,,1940,0.40%,,,,,,,,,,,,
,,,Mexico S,,,,,,,,,,,,,,,,9,9,0.00%,,,,,,,,,,,,
,,,Mexico R,,,,,,,8,,,,,,,,,,8,0.00%,,,,,,,,,,,,
,50,53,France,103,41,86,104,17,36,38,84,201,104,225,105,130,114,183,236,1806,0.40%,1311,38%,United States (32),United Kingdom (22),Italy (18),Switzerland (7.2),Brazil (5.1),Netherlands (4.5),Germany (4.1),Spain (4.0),Canada (0.8),Sweden (0.7)
,,,France N,103,41,86,104,17,36,38,84,194,104,130,105,130,114,180,236,1702,0.40%,,,,,,,,,,,,
,,,France S,,,,,,,,,7,,95,,,,3,,105,0.00%,,,,,,,,,,,,
,51,65,Belgium,40,27,33,48,99,52,4,7,1,9,90,255,170,12,508,430,1785,0.40%,845,111%,United States (43),Spain (29),France (11),Germany (8.4),Switzerland (4.6),Israel (1.5),Netherlands (1.4),Portugal (1.0),Denmark (0.3),Poland (0.1)
,,,Belgium N,39,27,29,48,81,52,4,7,1,9,90,255,170,12,508,430,1762,0.40%,,,,,,,,,,,,
,,,Belgium S,1,,4,,18,,,,,,,,,,,,23,0.00%,,,,,,,,,,,,
,52,112,Turkmenistan,32,237,112,69,72,169,433,108,,,,382,,,,,1614,0.30%,84,1828%,Turkiye (36),Russia (21),China (15),Italy (13),Ukraine (4.4),Netherlands (2.9),France (2.3),Germany (1.5),Brazil (1.4),United States (1.1)
,,,Turkmenistan N,32,233,109,69,72,169,429,107,,,,382,,,,,1603,0.30%,,,,,,,,,,,,
,,,Turkmenistan S,,4,2,,,,4,1,,,,,,,,,11,0.00%,,,,,,,,,,,,
,53,78,Nigeria,223,63,28,30,236,188,61,42,49,18,84,273,53,93,93,21,1553,0.30%,415,275%,China (34),Russia (15),United States (9.8),France (6.1),Pakistan (4.8),Italy (4.5),Turkiye (4.4),Brazil (3.5),Ukraine (3.1),Netherlands (2.7)
,,,Nigeria N,216,9,28,16,158,138,53,42,46,18,84,273,53,93,84,3,1312,0.30%,,,,,,,,,,,,
,,,Nigeria S,7,54,,14,77,51,8,,4,,,,0,,9,18,242,0.10%,,,,,,,,,,,,
,54,25,Finland,41,60,87,254,182,268,122,47,82,86,96,20,12,37,105,51,1549,0.30%,4052,-62%,United States (23),Italy (15),France (15),Netherlands (14),Norway (12),Israel (7.0),Sweden (5.8),South Korea (5.6),Spain (0.8),Switzerland (0.7)
,,,Finland N,41,45,87,254,175,228,82,6,33,36,79,2,2,27,83,49,1227,0.30%,,,,,,,,,,,,
,,,Finland S,,15,,,7,40,40,41,49,50,17,19,11,11,22,2,322,0.10%,,,,,,,,,,,,
,55,47,Russia,25,10,121,185,207,113,127,94,62,5,1,6,39,95,315,129,1534,0.30%,1614,-5%,Ukraine (49),Iran (19),North Korea (17),Czechia (4.7),Italy (3.5),China (2.3),Germany (1.6),Turkiye (1.0),France (0.4),unknown supplier(s) (0.3)
,,,Russia N,25,10,121,185,207,93,127,94,62,5,1,6,39,94,247,115,1429,0.30%,,,,,,,,,,,,
,,,Russia S,,,,,,20,,,,,,,,1,69,14,104,0.00%,,,,,,,,,,,,
,56,41,Colombia,259,145,200,173,170,193,18,91,16,22,80,45,50,3,12,22,1499,0.30%,1878,-20%,United States (42),Israel (19),Germany (17),South Korea (8.6),Netherlands (5.3),Spain (2.8),Canada (1.6),France (1.2),Italy (1.2),United Kingdom (0.7)
,,,Colombia N,120,138,181,144,140,106,10,52,13,13,7,13,13,3,3,5,962,0.20%,,,,,,,,,,,,
,,,Colombia S,29,8,19,29,30,8,8,40,3,8,73,32,37,,9,16,349,0.10%,,,,,,,,,,,,
,,,Colombia R,110,,,,,79,,,,,,,,,,,189,0.00%,,,,,,,,,,,,
,57,48,Portugal,891,170,42,11,3,1,21,8,19,44,45,6,,67,61,90,1477,0.30%,1575,-6.20%,Germany (37),United States (20),Brazil (12),Netherlands (9.2),Spain (8.3),Austria (3.7),Italy (3.7),Denmark (2.3),Israel (1.7),Finland (0.8)
,,,Portugal N,755,170,42,11,3,,13,,3,44,45,6,,67,61,90,1308,0.30%,,,,,,,,,,,,
,,,Portugal S,136,,,,,1,8,8,16,,,,,,,,169,0.00%,,,,,,,,,,,,
,58,61,Hungary,18,8,,2,7,,14,5,27,16,55,20,40,246,581,402,1441,0.30%,1066,35%,Germany (45),United States (16),France (9.6),Brazil (7.5),Norway (7.3),Israel (4.4),Czechia (3.9),Turkiye (2.8),United Kingdom (1.4),Sweden (0.8)
,,,Hungary N,18,4,,,,,3,5,0,16,39,17,40,246,581,402,1370,0.30%,,,,,,,,,,,,
,,,Hungary S,,5,,2,7,,11,,26,,16,3,,,,,71,0.00%,,,,,,,,,,,,
,59,18,Malaysia,213,4,19,82,75,118,270,197,93,68,51,133,71,11,7,,1413,0.30%,5461,-74%,Spain (21),Turkiye (15),Germany (12),France (11),China (7.8),United States (5.9),South Korea (5.7),United Kingdom (4.9),South Africa (3.8),Norway (3.4)
,,,Malaysia N,213,4,19,82,75,118,259,197,93,68,51,133,71,11,7,,1401,0.30%,,,,,,,,,,,,
,,,Malaysia S,,,,,,,12,,,,,,,,,,12,0.00%,,,,,,,,,,,,
,60,37,Sweden,,185,202,58,48,24,70,32,7,7,3,110,318,98,56,146,1362,0.30%,2090,-35%,United States (73),France (7.7),Germany (6.8),Finland (6.1),South Africa (2.0),Poland (1.5),Israel (0.9),Norway (0.8),United Kingdom (0.7),Italy (0.3)
,,,Sweden N,,185,202,58,48,24,70,32,7,7,3,110,318,94,56,146,1358,0.30%,,,,,,,,,,,,
,,,Sweden S,,,,,,,,,,,,,,3,,,3,0.00%,,,,,,,,,,,,
,61,74,NATO**,,,22,,,,12,25,21,70,465,240,240,,120,120,1335,0.30%,572,134%,France (66),United Kingdom (15),United States (14),Spain (1.9),Czechia (1.8),Finland (1.6),,,,
,,,NATO** N,,,,,,,12,25,21,70,465,240,240,,120,120,1313,0.30%,,,,,,,,,,,,
,,,NATO** S,,,22,,,,,,,,,,,,,,22,0.00%,,,,,,,,,,,,
,62,58,New Zealand,78,28,30,26,84,89,,,6,3,146,36,171,406,200,,1302,0.30%,1116,17%,United States (68),South Korea (7.4),Australia (6.9),United Kingdom (6.7),France (4.8),Netherlands (1.9),Italy (1.7),Germany (1.3),Israel (1.2),Canada (0.4)
,,,New Zealand N,78,28,30,26,84,89,,,6,3,146,36,171,406,200,,1302,0.30%,,,,,,,,,,,,
,,,New Zealand S,,,,,,,,,1,,,,,,,,1,0.00%,,,,,,,,,,,,
,63,123,Serbia,16,,0,,,,23,65,4,84,147,117,164,370,155,146,1292,0.30%,59,2099%,China (46),Russia (28),France (8.8),Belarus (4.2),Germany (3.3),Cyprus (3.1),Spain (1.9),Montenegro (1.2),Hungary (0.8),Israel (0.8)
,,,Serbia N,,,0,,,,15,,4,83,132,34,164,331,145,146,1052,0.20%,,,,,,,,,,,,
,,,Serbia S,16,,,,,,9,65,,,,,,40,11,,141,0.00%,,,,,,,,,,,,
,,,Serbia R,,,,,,,,,,1,16,83,,,,,100,0.00%,,,,,,,,,,,,
,64,55,Sudan,196,191,119,155,70,136,110,66,35,20,,,3,6,50,57,1215,0.30%,1286,-5.50%,China (27),Russia (26),Ukraine (19),Belarus (15),Kyrgyzstan (5.6),Turkiye (3.4),unknown supplier(s) (1.9),United Arab Emirates (1.3),Iran (0.9),
,,,Sudan N,101,42,100,59,41,74,49,42,34,2,,,3,6,14,23,588,0.10%,,,,,,,,,,,,
,,,Sudan S,95,78,20,97,29,38,38,0,,18,,,,0,36,34,484,0.10%,,,,,,,,,,,,
,,,Sudan R,,71,,,,24,24,24,1,,,,,,,,144,0.00%,,,,,,,,,,,,
,65,44,Peru,46,71,5,15,153,211,168,28,103,0,28,62,38,22,1,90,1041,0.20%,1750,-41%,South Korea (33),Russia (23),Netherlands (9.0),Italy (8.1),France (6.3),Canada (4.5),United States (4.4),Spain (4.3),New Zealand (3.5),China (1.7)
,,,Peru N,1,65,5,12,90,205,108,28,97,0,1,2,0,,1,90,705,0.20%,,,,,,,,,,,,
,,,Peru S,45,6,,3,64,6,60,,6,,27,60,38,22,,,336,0.10%,,,,,,,,,,,,
,66,52,Angola,,,,31,2,49,156,113,274,170,51,,46,15,16,84,1005,0.20%,1315,-24%,Russia (50),Belarus (8.0),France (7.8),China (7.2),Lithuania (6.0),Spain (5.8),Italy (2.9),Brazil (2.7),Bulgaria (2.5),South Africa (2.1)
,,,Angola N,,,,31,2,35,81,25,72,34,49,,12,15,16,84,454,0.10%,,,,,,,,,,,,
,,,Angola S,,,,,0,14,4,26,11,10,1,,34,,,,101,0.00%,,,,,,,,,,,,
,,,Angola R,,,,,,,71,63,191,125,,,,,,,450,0.10%,,,,,,,,,,,,
,67,84,Uganda,37,468,213,20,2,7,1,22,10,23,79,8,66,16,,2,973,0.20%,258,277%,Russia (69),Ukraine (12),Belarus (6.8),Bulgaria (2.7),United States (2.6),Czechia (1.6),Serbia (1.5),South Africa (1.5),Turkiye (1.1),France (0.5)
,,,Uganda N,25,464,198,20,2,3,1,22,1,1,31,5,49,16,,1,838,0.20%,,,,,,,,,,,,
,,,Uganda S,8,4,13,,,4,,,9,22,48,4,17,,,1,129,0.00%,,,,,,,,,,,,
,,,Uganda R,4,,2,,,,,,,,,,,,,,6,0.00%,,,,,,,,,,,,
,68,62,Ethiopia,58,76,193,154,33,10,55,51,14,76,25,16,45,2,48,63,917,0.20%,976,-6%,Ukraine (49),Russia (25),China (15),Hungary (4.4),United States (2.1),Turkiye (1.5),Israel (1.1),Serbia (1.0),United Arab Emirates (0.6),Bosnia-Herzegovina (0.3)
,,,Ethiopia N,58,,14,63,5,3,55,51,4,76,25,16,45,2,10,63,488,0.10%,,,,,,,,,,,,
,,,Ethiopia S,,76,9,41,10,,,,10,,,,,,38,,183,0.00%,,,,,,,,,,,,
,,,Ethiopia R,,,170,50,19,7,,,,,,,,,,,245,0.10%,,,,,,,,,,,,
,69,82,Slovakia,9,,2,5,,,,47,34,15,25,1,3,30,181,445,794,0.20%,309,157%,United States (85),Germany (4.5),Italy (4.2),Finland (2.1),China (1.7),Czechia (1.2),Russia (0.8),Israel (0.4),,
,,,Slovakia N,9,,2,5,,,,34,34,15,25,1,1,,176,445,745,0.20%,,,,,,,,,,,,
,,,Slovakia S,,,,,,,,13,,,,,2,30,5,,49,0.00%,,,,,,,,,,,,
,70,21,Iran,87,89,39,14,14,11,413,3,3,3,2,,,21,42,,741,0.20%,4938,-85%,Russia (78),China (20),Belarus (2.0),,,,,,,
,,,Iran N,87,89,39,14,14,11,413,3,3,3,2,,,21,42,,741,0.20%,,,,,,,,,,,,
,71,86,Lithuania,8,,,73,10,14,34,7,8,38,119,109,75,97,77,29,697,0.20%,250,178%,United States (32),Germany (25),Israel (13),United Kingdom (10),Norway (7.2),Sweden (3.2),Spain (2.5),Denmark (2.3),Poland (1.5),France (1.4)
,,,Lithuania N,,,,,10,14,13,5,2,7,110,100,67,97,77,29,530,0.10%,,,,,,,,,,,,
,,,Lithuania S,8,,,,,,9,2,,19,,,2,,,,40,0.00%,,,,,,,,,,,,
,,,Lithuania R,,,,73,,,12,,6,12,9,9,6,,,,126,0.00%,,,,,,,,,,,,
,72,33,South Africa,178,208,127,1,50,2,,,,,,,30,30,,30,657,0.10%,2912,-77%,Sweden (68),Netherlands (14),Russia (7.6),United States (5.8),France (1.8),Israel (1.5),United Kingdom (1.4),,,
,,,South Africa N,178,208,127,1,50,2,,,,,,,30,30,,30,657,0.10%,,,,,,,,,,,,
,73,77,Tunisia,7,7,,40,50,7,43,98,181,15,16,19,35,35,78,7,638,0.10%,448,42%,United States (49),Netherlands (22),Turkiye (19),Spain (8.2),France (1.0),Canada (0.6),Germany (0.5),United Arab Emirates (0.5),Italy (0.1),Austria (0.1)
,,,Tunisia N,,,,40,50,7,36,75,181,15,16,19,24,35,56,,553,0.10%,,,,,,,,,,,,
,,,Tunisia S,,,,,,,7,23,,,,,11,,22,7,71,0.00%,,,,,,,,,,,,
,,,Tunisia R,7,7,,,,,,,,,,,,,,,14,0.00%,,,,,,,,,,,,
,74,150,Uzbekistan,30,,,,19,100,58,5,124,78,92,14,22,17,47,32,638,0.10%,18,3543%,China (33),Russia (30),France (20),Spain (7.8),United States (5.6),Turkiye (2.8),Canada (0.9),,,
,,,Uzbekistan N,30,,,,19,64,58,5,124,78,92,14,22,17,47,32,602,0.10%,,,,,,,,,,,,
,,,Uzbekistan S,,,,,,36,,,,,,,,,,,36,0.00%,,,,,,,,,,,,
,75,73,Bulgaria,8,29,5,,,4,,,,2,44,1,3,,,540,636,0.10%,583,9.10%,United States (54),Germany (29),Netherlands (6.9),France (5.0),Italy (2.9),Sweden (1.2),United Arab Emirates (0.3),Norway (0.3),Poland (0.3),Israel (0.1)
,,,Bulgaria N,8,29,5,,,4,,,,,,1,1,,,540,589,0.10%,,,,,,,,,,,,
,,,Bulgaria S,,,,,,,,,,2,44,,2,,,,48,0.00%,,,,,,,,,,,,
,76,76,Armenia,52,5,,52,,,112,22,,248,,32,29,7,32,21,613,0.10%,464,32%,Russia (80),India (14),Jordan (3.4),Ukraine (1.2),France (0.6),Montenegro (0.4),,,,
,,,Armenia N,,2,,16,,,112,22,,228,,32,29,7,32,21,500,0.10%,,,,,,,,,,,,
,,,Armenia S,52,4,,36,,,,,,21,,,,,,,112,0.00%,,,,,,,,,,,,
,77,63,Czechia,50,112,44,18,,,7,,7,1,8,32,69,148,58,19,574,0.10%,966,-41%,Israel (36),United States (22),Spain (13),Austria (11),Germany (8.2),Italy (4.4),France (2.9),Canada (1.6),Sweden (1.1),
,,,Czechia N,50,112,44,18,,,7,,7,1,8,32,68,127,55,,529,0.10%,,,,,,,,,,,,
,,,Czechia S,,,,,,,,,,,,,2,21,3,19,45,0.00%,,,,,,,,,,,,
,78,90,Estonia,13,1,2,18,2,18,32,36,19,20,25,20,15,23,115,204,561,0.10%,224,151%,United States (24),Israel (19),Netherlands (18),France (13),Turkiye (7.8),South Korea (7.7),Poland (4.3),unknown supplier(s) (2.0),Germany (1.8),Sweden (1.3)
,,,Estonia N,10,,,13,,18,30,33,19,17,14,9,4,12,111,204,494,0.10%,,,,,,,,,,,,
,,,Estonia S,3,1,2,5,2,1,2,3,,2,11,11,11,11,5,,67,0.00%,,,,,,,,,,,,
,79,100,Kenya,96,35,68,1,17,30,32,17,7,18,71,4,1,,19,117,531,0.10%,152,250%,Jordan (21),Israel (18),United States (14),Italy (12),China (8.1),Spain (6.6),Russia (5.5),Serbia (5.5),Turkiye (2.7),South Africa (2.0)
,,,Kenya N,13,27,47,1,17,30,32,6,3,16,67,4,1,,14,94,372,0.10%,,,,,,,,,,,,
,,,Kenya S,,8,,,,,,10,4,1,3,,,,5,23,55,0.00%,,,,,,,,,,,,
,,,Kenya R,83,,21,,,,,,,,,,,,,,104,0.00%,,,,,,,,,,,,
,80,121,Senegal,4,16,,,9,24,40,48,15,40,22,21,28,172,79,,517,0.10%,61,745%,France (51),China (8.7),Israel (5.9),Indonesia (5.8),Spain (5.1),South Africa (4.6),Italy (3.5),Denmark (3.5),Turkiye (2.9),Slovakia (2.0)
,,,Senegal N,,,,,9,21,40,35,15,40,22,21,26,172,79,,479,0.10%,,,,,,,,,,,,
,,,Senegal S,4,16,,,,3,,10,,0,,0,1,,,,35,0.00%,,,,,,,,,,,,
,,,Senegal R,,,,,,1,,2,,,,,,,,,3,0.00%,,,,,,,,,,,,
,81,54,Argentina,11,16,5,13,6,18,17,47,19,51,7,77,50,22,45,108,509,0.10%,1298,-61%,United States (32),France (20),Denmark (19),Norway (12),Canada (3.1),Russia (2.8),Ireland (2.6),Sweden (2.6),Italy (1.4),Switzerland (1.0)
,,,Argentina N,8,16,5,13,6,11,17,47,15,16,4,63,39,7,3,3,271,0.10%,,,,,,,,,,,,
,,,Argentina S,3,,,,,6,,,4,35,3,14,2,15,42,105,230,0.00%,,,,,,,,,,,,
,,,Argentina R,,,,,,,,,,,,,8,,,,8,0.00%,,,,,,,,,,,,
,82,97,Lebanon,64,1,31,27,6,48,28,48,53,56,45,43,30,14,9,,501,0.10%,171,193%,United States (73),Jordan (8.4),Brazil (6.5),United Arab Emirates (5.3),France (4.2),Italy (1.1),Canada (0.8),Belgium (0.4),,
,,,Lebanon N,,,31,3,6,12,12,28,31,44,45,43,18,9,,,280,0.10%,,,,,,,,,,,,
,,,Lebanon S,64,1,,22,,36,16,21,22,12,,,12,5,9,,220,0.00%,,,,,,,,,,,,
,,,Lebanon R,,,,1,,,,,,,,,,,,,1,0.00%,,,,,,,,,,,,
,83,75,Ecuador,90,70,89,12,56,27,26,20,5,3,21,16,9,7,19,30,500,0.10%,564,-11%,South Africa (20),Spain (18),Brazil (16),France (8.1),Netherlands (7.4),United States (7.3),Germany (4.5),Canada (3.1),Russia (2.9),South Korea (2.4)
,,,Ecuador N,80,46,17,12,54,27,26,20,5,,8,16,1,6,7,4,329,0.10%,,,,,,,,,,,,
,,,Ecuador S,10,24,72,,3,,,,,3,13,,8,1,11,20,165,0.00%,,,,,,,,,,,,
,,,Ecuador R,,,,,,,,,,,,,,,,6,6,0.00%,,,,,,,,,,,,
,84,107,Brunei,33,229,20,15,121,36,,,,,,,,11,28,,493,0.10%,101,390%,Germany (59),United States (18),France (6.1),Spain (5.1),Denmark (3.9),Netherlands (3.9),Singapore (2.3),Sweden (2.0),Canada (0.6),
,,,Brunei N,33,229,20,15,121,36,,,,,,,,,28,,482,0.10%,,,,,,,,,,,,
,,,Brunei S,,,,,,,,,,,,,,11,,,11,0.00%,,,,,,,,,,,,
,85,81,Croatia,10,18,18,,27,11,20,13,3,5,,,29,89,90,141,473,0.10%,328,44%,France (62),United States (19),Finland (9.6),Germany (4.6),Turkiye (3.0),Ukraine (1.1),Israel (1.0),,,
,,,Croatia N,10,18,18,,,,,3,3,5,,,29,1,2,41,128,0.00%,,,,,,,,,,,,
,,,Croatia S,,,,,27,11,20,11,,,,,,88,88,88,332,0.10%,,,,,,,,,,,,
,,,Croatia R,,,,,,,,,,,,,,,,13,13,0.00%,,,,,,,,,,,,
,86,103,Tanzania,,78,115,130,14,20,20,2,17,,9,53,,,,4,461,0.10%,114,303%,China (83),France (11),Netherlands (4.3),United Arab Emirates (0.9),Ukraine (0.8),,,,,
,,,Tanzania N,,78,115,130,14,,20,2,17,,9,53,,,,,437,0.10%,,,,,,,,,,,,
,,,Tanzania S,,,,,,20,,,,,,,,,,4,24,0.00%,,,,,,,,,,,,
,87,124,Mali,,0,9,7,1,,22,32,27,20,49,39,62,82,25,64,438,0.10%,59,649%,Russia (37),China (13),Turkiye (9.3),unknown supplier(s) (8.9),United Arab Emirates (8.1),Spain (6.0),South Africa (4.8),Brazil (4.1),Bulgaria (3.2),France (2.0)
,,,Mali N,,,,0,1,,15,29,27,16,48,38,21,29,24,36,283,0.10%,,,,,,,,,,,,
,,,Mali S,,0,9,7,,,7,3,,4,1,1,41,53,1,28,155,0.00%,,,,,,,,,,,,
,88,43,Yemen,261,47,38,23,6,33,7,6,9,,,,1,,,,430,0.10%,1815,-76%,Belarus (46),Russia (21),South Africa (13),United Arab Emirates (9.0),United States (6.1),Spain (2.1),Jordan (1.4),Saudi Arabia (0.9),unknown supplier(s) (0.7),Czechia (0.6)
,,,Yemen N,115,16,11,23,6,28,3,6,6,,,,,,,,211,0.00%,,,,,,,,,,,,
,,,Yemen S,8,1,,1,,5,4,,3,,,,1,,,,23,0.00%,,,,,,,,,,,,
,,,Yemen R,137,30,28,,,,,,,,,,,,,,196,0.00%,,,,,,,,,,,,
,89,212,House of Representatives (Libya)*,,,,,19,37,34,6,12,31,192,5,5,,8,70,418,0.10%,,,Russia (62),United Arab Emirates (17),Egypt (8.0),unknown supplier(s) (6.3),Belarus (3.4),Netherlands (2.4),Jordan (1.0),,,
,,,House of Representatives (Libya)* N,,,,,11,1,34,5,2,16,2,,,,8,49,129,0.00%,,,,,,,,,,,,
,,,House of Representatives (Libya)* S,,,,,7,36,,1,10,15,190,5,5,,,18,287,0.10%,,,,,,,,,,,,
,,,House of Representatives (Libya)* R,,,,,,,,,,,,,,,,2,2,0.00%,,,,,,,,,,,,
,90,127,Cameroon,10,,9,139,124,10,23,8,2,4,2,4,2,2,,,340,0.10%,48,611%,China (63),Russia (14),United States (6.3),Spain (5.3),France (5.0),Slovakia (2.0),South Africa (1.7),Serbia (1.2),Canada (0.9),Israel (0.9)
,,,Cameroon N,10,,9,139,124,6,1,,2,,2,4,2,2,,,303,0.10%,,,,,,,,,,,,
,,,Cameroon S,,,,,,3,11,,,4,,,0,,,,18,0.00%,,,,,,,,,,,,
,,,Cameroon R,,,,,,,11,8,,,,,,,,,19,0.00%,,,,,,,,,,,,
,91,68,Cyprus,44,41,6,,,,,30,,20,31,12,,8,120,28,339,0.10%,788,-57%,Israel (44),Russia (21),Serbia (13),France (8.7),Germany (5.8),Italy (5.3),Oman (2.1),Belgium (0.1),,
,,,Cyprus N,1,19,6,,,,,23,,20,31,12,,8,120,28,266,0.10%,,,,,,,,,,,,
,,,Cyprus S,43,22,,,,,,7,,,,,,,,,73,0.00%,,,,,,,,,,,,
,92,51,Sri Lanka,5,21,,22,5,,,45,100,59,,54,3,5,9,11,339,0.10%,1454,-77%,United States (39),India (23),China (21),Russia (6.4),France (4.7),Israel (3.1),Australia (1.9),Pakistan (1.5),,
,,,Sri Lanka N,5,21,,22,,,,45,46,,,,,5,8,,151,0.00%,,,,,,,,,,,,
,,,Sri Lanka S,,,,,5,,,,54,,,54,3,,1,11,128,0.00%,,,,,,,,,,,,
,,,Sri Lanka R,,,,,,,,,,59,,,,,,,59,0.00%,,,,,,,,,,,,
,93,80,DR Congo,156,,15,1,,3,43,,1,,9,,,27,40,44,338,0.10%,347,-2.70%,Ukraine (61),South Africa (18),China (11),Turkiye (4.1),Serbia (1.8),United Arab Emirates (1.6),unknown supplier(s) (0.9),Bulgaria (0.7),United States (0.2),Belarus (0.1)
,,,DR Congo N,,,,,,2,,,,,,,,27,40,44,112,0.00%,,,,,,,,,,,,
,,,DR Congo S,151,,15,1,,1,,,1,,9,,,,,,178,0.00%,,,,,,,,,,,,
,,,DR Congo R,5,,,,,,43,,,,,,,,,,48,0.00%,,,,,,,,,,,,
,94,94,Cambodia,34,,78,68,,,,,5,1,,35,38,56,,,314,0.10%,197,59%,China (57),Ukraine (17),Serbia (9.6),Czechia (9.3),Russia (1.8),Slovakia (1.5),Bulgaria (1.4),Canada (1.0),Italy (0.8),Qatar (0.2)
,,,Cambodia N,,,19,39,,,,,5,1,,29,38,56,,,186,0.00%,,,,,,,,,,,,
,,,Cambodia S,34,,59,29,,,,,,,,6,,,,,128,0.00%,,,,,,,,,,,,
,95,117,Libya,37,8,75,119,,,2,,,34,0,,,34,5,,314,0.10%,76,311%,United Arab Emirates (44),Russia (16),Turkiye (12),unknown supplier(s) (11),Italy (8.5),Sudan (3.4),Jordan (3.4),France (1.3),Austria (0.3),
,,,Libya N,29,8,75,106,,,2,,,34,,,,,5,,259,0.10%,,,,,,,,,,,,
,,,Libya S,8,,,12,,,,,,,0,,,34,,,55,0.00%,,,,,,,,,,,,
,96,104,Ghana,2,76,39,52,17,13,22,,0,2,12,,40,8,11,5,301,0.10%,111,171%,China (35),Spain (12),Singapore (12),Russia (9.6),Germany (7.9),Canada (6.5),Turkiye (4.8),Japan (2.7),South Africa (2.3),South Korea (1.6)
,,,Ghana N,2,71,16,52,17,13,22,,0,2,12,,36,2,3,5,254,0.10%,,,,,,,,,,,,
,,,Ghana S,,5,,,,,,,,,,,4,6,8,,23,0.00%,,,,,,,,,,,,
,,,Ghana R,,,24,,,,,,,,,,,,,,24,0.00%,,,,,,,,,,,,
,97,92,Latvia,16,27,9,5,5,3,28,30,21,31,10,15,34,47,19,,298,0.10%,213,40%,United States (30),United Kingdom (14),Finland (14),Sweden (11),Austria (7.9),Germany (7.7),Netherlands (7.4),Israel (5.2),Poland (2.6),Denmark (0.5)
,,,Latvia N,11,5,9,5,5,2,24,2,11,27,1,7,30,47,19,,205,0.00%,,,,,,,,,,,,
,,,Latvia S,5,22,,,,1,4,28,10,4,9,9,4,,,,93,0.00%,,,,,,,,,,,,
,98,93,Chad,43,1,4,59,58,1,2,6,7,1,4,47,6,32,10,4,284,0.10%,201,41%,China (29),Turkiye (18),Ukraine (18),Italy (11),United States (6.2),United Arab Emirates (4.6),France (3.5),Belgium (2.6),Russia (2.5),Nigeria (2.5)
,,,Chad N,23,,4,40,39,1,2,6,7,1,4,43,6,32,10,4,222,0.00%,,,,,,,,,,,,
,,,Chad S,11,1,,18,,,,,,,,4,0,,,,34,0.00%,,,,,,,,,,,,
,,,Chad R,9,,,,19,,,,,,,,,,,,28,0.00%,,,,,,,,,,,,
,99,153,Mongolia,64,3,78,,,73,,,,17,,25,3,,,,261,0.10%,15,1703%,Russia (99),Australia (1.0),,,,,,,,
,,,Mongolia N,60,,,,,3,,,,,,,,,,,63,0.00%,,,,,,,,,,,,
,,,Mongolia S,4,3,,,,,,,,17,,25,3,,,,50,0.00%,,,,,,,,,,,,
,,,Mongolia R,,,78,,,71,,,,,,,,,,,148,0.00%,,,,,,,,,,,,
,100,85,Ireland,4,,,,40,43,43,2,5,35,9,,1,63,,14,258,0.10%,252,2.40%,United Kingdom (54),Spain (22),New Zealand (4.3),Italy (4.3),Finland (3.7),Switzerland (3.6),Sweden (2.9),Israel (1.9),Canada (1.9),South Africa (1.6)
,,,Ireland N,4,,,,40,43,43,2,5,35,9,,1,52,,14,247,0.10%,,,,,,,,,,,,
,,,Ireland S,,,,,,,,,,,,,,11,,,11,0.00%,,,,,,,,,,,,
,101,101,Laos,,15,19,19,,7,,2,136,27,17,3,,3,7,,256,0.10%,137,86%,Russia (49),China (44),France (2.5),Canada (2.3),unknown supplier(s) (1.4),,,,,
,,,Laos N,,15,19,19,,7,,2,113,9,,,,3,7,,194,0.00%,,,,,,,,,,,,
,,,Laos S,,,,,,,,,5,,,3,,,,,9,0.00%,,,,,,,,,,,,
,,,Laos R,,,,,,,,,18,18,17,,,,,,53,0.00%,,,,,,,,,,,,
,102,135,unknown recipient(s),8,6,,32,33,13,32,15,21,48,36,3,6,3,,,255,0.10%,32,689%,United Arab Emirates (28),Israel (19),Sweden (15),Serbia (8.5),United States (5.2),Switzerland (4.7),Italy (4.0),Ukraine (3.1),Iran (3.1),Singapore (2.9)
,,,unknown recipient(s) N,8,6,,26,33,13,32,15,21,48,36,3,6,3,,,249,0.10%,,,,,,,,,,,,
,,,unknown recipient(s) S,,,,6,,,,,,,,,,,,,6,0.00%,,,,,,,,,,,,
,103,108,Mauritania,17,5,11,,8,1,35,,1,34,,6,,2,126,,246,0.10%,97,154%,China (78),France (7.7),United Arab Emirates (4.3),Brazil (3.7),Italy (2.2),Spain (1.4),Turkiye (1.1),United States (0.8),Canada (0.4),Switzerland (0.3)
,,,Mauritania N,7,,11,,8,1,35,,1,26,,,,2,126,,217,0.00%,,,,,,,,,,,,
,,,Mauritania S,10,5,,,,,0,,,8,,6,,,,,29,0.00%,,,,,,,,,,,,
,104,99,Equatorial Guinea,3,56,60,2,92,,,,20,,,0,,,12,,245,0.10%,160,54%,Ukraine (62),Israel (18),China (10),United States (4.1),Russia (3.0),South Africa (1.5),unknown supplier(s) (1.2),,,
,,,Equatorial Guinea N,,45,60,2,92,,,,20,,,0,,,12,,231,0.00%,,,,,,,,,,,,
,,,Equatorial Guinea S,3,11,,,,,,,,,,,,,,,14,0.00%,,,,,,,,,,,,
,105,110,Zambia,,1,61,,,15,44,46,,43,3,20,2,5,1,,240,0.10%,89,169%,China (49),Italy (20),Russia (8.2),Ukraine (8.0),Israel (6.6),United States (5.3),South Africa (2.6),,,
,,,Zambia N,,1,58,,,15,44,46,,43,3,20,,5,1,,235,0.10%,,,,,,,,,,,,
,,,Zambia S,,,,,,,,,,,,,2,,,,2,0.00%,,,,,,,,,,,,
,,,Zambia R,,,3,,,,,,,,,,,,,,3,0.00%,,,,,,,,,,,,
,106,140,Burkina Faso,0,16,3,,,5,7,2,24,7,3,26,12,19,37,34,195,0.00%,23,743%,China (33),Turkiye (21),Russia (8.3),Spain (7.8),Brazil (6.9),Bulgaria (5.1),South Africa (3.7),Italy (3.1),United Arab Emirates (2.0),Canada (1.5)
,,,Burkina Faso N,0,15,3,,,5,7,,21,4,0,22,12,19,34,34,175,0.00%,,,,,,,,,,,,
,,,Burkina Faso S,,1,,,,,,2,3,3,3,3,,,4,,19,0.00%,,,,,,,,,,,,
,107,109,Rwanda,,,5,15,15,29,,8,3,1,,65,17,37,,,195,0.00%,96,103%,Russia (46),Turkiye (23),China (21),Israel (6.5),Ukraine (1.3),United States (1.0),South Africa (0.5),Slovakia (0.4),Qatar (0.3),United Kingdom (0.1)
,,,Rwanda N,,,5,6,15,29,,8,3,,,65,16,37,,,184,0.00%,,,,,,,,,,,,
,,,Rwanda S,,,,9,,,,,,1,,,1,,,,11,0.00%,,,,,,,,,,,,
,108,35,Switzerland,38,24,2,,5,10,70,,,,,,15,33,,,195,0.00%,2559,-92%,United States (65),Germany (25),Israel (9.2),Canada (0.5),,,,,,
,,,Switzerland N,38,24,2,,5,10,70,,,,,,15,33,,,195,0.00%,,,,,,,,,,,,
,109,49,Austria,5,6,6,5,2,1,13,10,6,18,14,34,5,17,13,29,183,0.00%,1570,-88%,Italy (65),Germany (12),Israel (8.2),United States (4.8),Jordan (4.8),Sweden (4.4),Belgium (0.5),,,
,,,Austria N,5,6,6,5,2,,13,10,6,18,14,25,5,17,13,29,173,0.00%,,,,,,,,,,,,
,,,Austria S,,,,,,1,,,,,,9,,,,,10,0.00%,,,,,,,,,,,,
,110,120,Bolivia,1,25,12,1,46,,27,7,2,34,26,,,,0,,182,0.00%,64,183%,France (53),China (26),Germany (7.1),United Kingdom (4.4),United States (4.3),Brazil (2.3),Ukraine (2.0),Austria (0.7),Czechia (0.5),unknown supplier(s) (0.4)
,,,Bolivia N,1,25,8,1,46,,27,7,2,34,26,,,,,,177,0.00%,,,,,,,,,,,,
,,,Bolivia S,,,4,1,,,,,,,,,,,0,,5,0.00%,,,,,,,,,,,,
,111,105,Cote d'Ivoire,,,,,6,5,5,14,10,15,3,7,22,70,7,15,180,0.00%,107,68%,China (15),Israel (15),France (14),Bulgaria (13),Turkiye (12),South Africa (11),unknown supplier(s) (9.3),Spain (6.9),United States (1.2),Belarus (1.1)
,,,Cote d'Ivoire N,,,,,5,5,5,4,3,14,,4,14,70,7,5,135,0.00%,,,,,,,,,,,,
,,,Cote d'Ivoire S,,,,,1,,0,10,7,1,3,3,8,,,10,44,0.00%,,,,,,,,,,,,
,,,Cote d'Ivoire R,,,,,,,,,1,,,,,,,,1,0.00%,,,,,,,,,,,,
,112,114,South Sudan,2,65,2,13,41,19,8,,,,,8,10,,,,166,0.00%,83,101%,Russia (52),United Arab Emirates (33),China (7.2),unknown supplier(s) (4.1),Uganda (2.4),South Africa (0.9),,,,
,,,South Sudan N,,65,2,13,41,1,,,,,,8,10,,,,139,0.00%,,,,,,,,,,,,
,,,South Sudan S,2,,,,,18,8,,,,,,,,,,27,0.00%,,,,,,,,,,,,
,113,96,Namibia,3,1,57,9,2,,3,35,,,,,,,56,0,165,0.00%,180,-8.20%,China (92),United States (3.0),Ukraine (2.1),South Africa (1.6),India (1.6),,,,,
,,,Namibia N,,1,57,9,2,,3,2,,,,,,,56,0,129,0.00%,,,,,,,,,,,,
,,,Namibia S,3,,,,,,,,,,,,,,,,3,0.00%,,,,,,,,,,,,
,,,Namibia R,,,,,,,,33,,,,,,,,,33,0.00%,,,,,,,,,,,,
,114,91,Botswana,10,,6,8,,,5,,5,7,76,16,11,1,11,,157,0.00%,219,-28%,France (38),Switzerland (21),Israel (17),United States (9.7),Spain (7.8),Ukraine (3.8),unknown supplier(s) (1.4),Canada (1.1),,
,,,Botswana N,10,,6,8,,,2,,4,6,76,16,11,1,,,139,0.00%,,,,,,,,,,,,
,,,Botswana S,,,,,,,3,,2,2,,,,,11,,17,0.00%,,,,,,,,,,,,
,115,145,Trinidad and Tobago,24,12,12,,,46,30,,,,,32,,,,,156,0.00%,19,736%,Netherlands (38),Australia (36),United States (15),China (10),,,,,,
,,,Trinidad and Tobago N,24,12,12,,,30,30,,,,,32,,,,,140,0.00%,,,,,,,,,,,,
,,,Trinidad and Tobago S,,,,,,16,,,,,,,,,,,16,0.00%,,,,,,,,,,,,
,116,171,Mozambique,,0,0,9,16,5,46,,3,22,1,19,5,3,1,14,146,0.00%,3,4362%,France (33),unknown supplier(s) (11),Spain (10),India (10),South Africa (8.6),China (7.4),Russia (5.0),Ukraine (4.6),United Kingdom (4.6),Brazil (1.8)
,,,Mozambique N,,,,0,4,5,46,,3,22,1,3,,3,1,14,104,0.00%,,,,,,,,,,,,
,,,Mozambique S,,0,0,7,12,,,,,,,16,5,,,,40,0.00%,,,,,,,,,,,,
,,,Mozambique R,,,,3,,,,,,,,,,,,,3,0.00%,,,,,,,,,,,,
,117,138,Nicaragua,,,,,13,14,86,7,,13,,,,,,,133,0.00%,29,366%,Russia (90),Netherlands (9.9),,,,,,,,
,,,Nicaragua N,,,,,5,6,,,,,,,,,,,12,0.00%,,,,,,,,,,,,
,,,Nicaragua S,,,,,7,8,,7,,,,,,,,,22,0.00%,,,,,,,,,,,,
,,,Nicaragua R,,,,,,,86,,,13,,,,,,,99,0.00%,,,,,,,,,,,,
,118,146,Niger,,,,12,3,10,0,3,1,5,19,16,34,19,4,4,130,0.00%,18,602%,United States (34),Turkiye (25),Russia (11),Ukraine (7.1),Italy (6.2),South Africa (5.6),France (3.5),Egypt (3.0),China (2.3),United Arab Emirates (1.5)
,,,Niger N,,,,2,3,2,0,3,1,5,19,5,17,11,4,4,76,0.00%,,,,,,,,,,,,
,,,Niger S,,,,10,,0,,,,,,11,16,8,,,46,0.00%,,,,,,,,,,,,
,,,Niger R,,,,,,7,,,,,,,,,,,7,0.00%,,,,,,,,,,,,
,119,126,Congo,32,5,26,35,6,2,,,0,3,,3,,,9,,121,0.00%,54,124%,South Africa (53),Russia (26),China (7.0),unknown supplier(s) (6.4),United Arab Emirates (4.2),United Kingdom (1.9),Italy (1.7),,,
,,,Congo N,13,,8,31,6,,,,0,,,3,,,9,,70,0.00%,,,,,,,,,,,,
,,,Congo S,,5,,4,,2,,,,3,,,,,,,14,0.00%,,,,,,,,,,,,
,,,Congo R,18,,18,,,,,,,,,,,,,,37,0.00%,,,,,,,,,,,,
,120,95,Slovenia,40,27,,,1,,,,,,,7,,26,19,,119,0.00%,193,-38%,Russia (29),Italy (27),France (22),United States (17),Finland (5.7),,,,,
,,,Slovenia N,40,27,,,,,,,,,,7,,26,19,,118,0.00%,,,,,,,,,,,,
,,,Slovenia S,,,,,1,,,,,,,,,,,,1,0.00%,,,,,,,,,,,,
,121,149,Djibouti,,,6,5,15,4,11,,,11,1,46,19,0,,,118,0.00%,18,573%,China (38),Netherlands (29),United States (11),France (6.3),Italy (4.5),Saudi Arabia (4.4),Turkiye (4.3),Canada (1.3),United Kingdom (1.2),
,,,Djibouti N,,,,,14,4,5,,,11,,46,19,,,,98,0.00%,,,,,,,,,,,,
,,,Djibouti S,,,6,5,1,,6,,,,1,,,0,,,20,0.00%,,,,,,,,,,,,
,122,131,Albania,,,15,7,7,7,,1,1,5,12,1,,1,38,23,117,0.00%,40,196%,France (25),United States (22),Italy (17),Bulgaria (16),Turkiye (14),Germany (5.5),,,,
,,,Albania N,,,15,7,7,7,,,,,11,,,,33,3,82,0.00%,,,,,,,,,,,,
,,,Albania S,,,,,,0,,1,1,5,1,1,,1,5,20,35,0.00%,,,,,,,,,,,,
,123,113,Tajikistan,,,,4,,,7,19,4,5,,,3,0,0,75,117,0.00%,83,41%,China (68),Russia (28),Bulgaria (3.1),Iran (0.5),,,,,,
,,,Tajikistan N,,,,,,,7,,4,2,,,,0,0,75,89,0.00%,,,,,,,,,,,,
,,,Tajikistan S,,,,4,,,,14,,2,,,3,,,,22,0.00%,,,,,,,,,,,,
,,,Tajikistan R,,,,,,,,5,,1,,,,,,,6,0.00%,,,,,,,,,,,,
,124,156,Luxembourg,8,,,,,,,,,3,88,,,1,3,11,115,0.00%,14,740%,Spain (63),Germany (23),Switzerland (11),France (2.3),,,,,,
,,,Luxembourg N,8,,,,,,,,,3,88,,,1,3,11,115,0.00%,,,,,,,,,,,,
,125,144,Kyrgyzstan,,,,,,4,8,12,1,15,,5,14,54,,,113,0.00%,20,470%,Russia (45),Turkiye (29),Belarus (26),,,,,,,
,,,Kyrgyzstan N,,,,,,3,8,5,,,,5,14,51,,,86,0.00%,,,,,,,,,,,,
,,,Kyrgyzstan S,,,,,,1,,7,,15,,,,3,,,26,0.00%,,,,,,,,,,,,
,,,Kyrgyzstan R,,,,,,,,,1,,,,,,,,1,0.00%,,,,,,,,,,,,
,126,87,Uruguay,20,,,3,9,13,,,10,,25,3,10,,13,1,107,0.00%,236,-55%,Spain (45),Brazil (14),United States (9.6),Ecuador (7.6),Portugal (6.4),South Korea (4.5),Italy (3.7),France (3.0),unknown supplier(s) (2.8),United Kingdom (2.3)
,,,Uruguay N,20,,,,3,,,,,,,,,,3,,26,0.00%,,,,,,,,,,,,
,,,Uruguay S,,,,3,6,13,,,10,,25,3,10,,10,1,81,0.00%,,,,,,,,,,,,
,127,125,Jamaica,1,,,1,,2,22,,19,3,10,29,,10,10,,107,0.00%,56,90%,Netherlands (56),United States (36),Australia (5.9),Austria (1.2),unknown supplier(s) (0.5),,,,,
,,,Jamaica N,1,,,1,,2,22,,19,3,10,29,,10,10,,106,0.00%,,,,,,,,,,,,
,,,Jamaica S,,,,,,,,,,1,,,,,,,1,0.00%,,,,,,,,,,,,
,128,111,Dominican Republic,51,12,,,,1,0,,,,4,,5,9,10,13,105,0.00%,86,22%,Israel (31),Brazil (26),United States (20),Italy (16),Spain (3.9),Canada (2.9),,,,
,,,Dominican Republic N,51,12,,,,1,0,,,,4,,1,4,9,13,94,0.00%,,,,,,,,,,,,
,,,Dominican Republic S,,,,,,,,,,,,,4,6,1,,11,0.00%,,,,,,,,,,,,
,129,151,Togo,1,,,,15,,,,,6,5,10,59,2,1,5,103,0.00%,15,576%,Russia (47),United States (19),France (17),South Africa (6.0),Ukraine (4.6),Turkiye (4.6),unknown supplier(s) (0.5),United Arab Emirates (0.4),,
,,,Togo N,1,,,,15,,,,,,5,10,59,2,1,5,96,0.00%,,,,,,,,,,,,
,,,Togo S,,,,,,,,,,5,,,,,,,5,0.00%,,,,,,,,,,,,
,,,Togo R,,,,,,,,,,2,1,,,,,,2,0.00%,,,,,,,,,,,,
,130,163,Central African Republic,,7,,,,,,,2,,1,44,2,43,,,98,0.00%,10,925%,unknown supplier(s) (42),Belarus (35),Russia (12),Ukraine (6.9),China (2.3),United Arab Emirates (1.6),,,,
,,,Central African Republic N,,,,,,,,,2,,,1,,,,,2,0.00%,,,,,,,,,,,,
,,,Central African Republic S,,7,,,,,,,,,1,43,2,43,,,96,0.00%,,,,,,,,,,,,
,131,134,Malta,,8,8,,12,10,6,8,,,,,,45,,,96,0.00%,34,183%,Italy (66),United States (24),Ireland (10),,,,,,,
,,,Malta N,,8,8,,12,,6,8,,,,,,45,,,86,0.00%,,,,,,,,,,,,
,,,Malta S,,,,,,10,,,,,,,,,,,10,0.00%,,,,,,,,,,,,
,132,129,Gabon,27,5,1,2,,5,3,,,26,,2,,16,6,,93,0.00%,45,106%,China (35),South Africa (31),Spain (13),France (12),Germany (5.2),Canada (1.6),Russia (1.1),,,
,,,Gabon N,8,5,1,,,5,3,,,26,,2,,14,6,,70,0.00%,,,,,,,,,,,,
,,,Gabon S,,,,2,,,,,,1,,,,,,,3,0.00%,,,,,,,,,,,,
,,,Gabon R,18,,,,,,,,,,,,,2,,,20,0.00%,,,,,,,,,,,,
,133,70,Georgia,,2,9,5,1,,,7,41,6,,,2,0,15,,89,0.00%,708,-87%,France (39),United States (26),Bulgaria (18),Turkiye (15),Poland (1.1),,,,,
,,,Georgia N,,,,,,,,,41,6,,,2,0,15,,64,0.00%,,,,,,,,,,,,
,,,Georgia S,,2,9,5,1,,,7,,,,,,,,,25,0.00%,,,,,,,,,,,,
,134,178,Honduras,,0,0,20,13,8,,10,1,23,0,4,,,7,,86,0.00%,0,21501%,Israel (41),Netherlands (23),Colombia (12),United States (9.4),Germany (7.5),Taiwan (4.9),unknown supplier(s) (2.4),,,
,,,Honduras N,,0,0,20,13,2,,10,1,23,,4,,,7,,80,0.00%,,,,,,,,,,,,
,,,Honduras S,,,,,,6,,,,,0,,,,,,7,0.00%,,,,,,,,,,,,
,135,116,Nepal,,3,,,5,15,9,1,7,38,,0,,,,6,82,0.00%,77,6.70%,China (30),Russia (18),Italy (15),Poland (13),Indonesia (11),India (8.7),United States (2.8),France (1.6),,
,,,Nepal N,,3,,,5,15,9,1,7,38,,0,,,,6,82,0.00%,,,,,,,,,,,,
,136,213,Houthi rebels (Yemen)*,,,,,,,8,9,9,9,10,2,15,19,1,,81,0.00%,,,Iran (100),,,,,,,,,
,,,Houthi rebels (Yemen)* N,,,,,,,8,9,9,9,10,2,15,19,1,,81,0.00%,,,,,,,,,,,,
,137,130,Mauritius,,,,,28,,28,19,,,,1,4,,,,80,0.00%,44,82%,India (97),Israel (3.1),,,,,,,,
,,,Mauritius N,,,,,28,,28,19,,,,,2,,,,77,0.00%,,,,,,,,,,,,
,,,Mauritius S,,,,,,,,,,,,1,2,,,,3,0.00%,,,,,,,,,,,,
,138,133,Bahamas,,,,,30,16,20,12,,,,,,,,,78,0.00%,37,108%,Netherlands (100),China (0.4),,,,,,,,
,,,Bahamas N,,,,,30,16,20,12,,,,,,,,,78,0.00%,,,,,,,,,,,,
,139,152,Seychelles,,8,,10,16,,8,,10,,,19,,,,,69,0.00%,15,374%,India (71),China (22),United Arab Emirates (4.0),Israel (3.6),,,,,,
,,,Seychelles N,,5,,10,10,,8,,10,,,19,,,,,61,0.00%,,,,,,,,,,,,
,,,Seychelles S,,3,,,6,,,,,,,,,,,,9,0.00%,,,,,,,,,,,,
,140,159,Guatemala,,,2,,,33,,,4,14,,,10,6,,,68,0.00%,12,474%,Spain (48),United States (30),Colombia (15),Canada (3.7),Taiwan (3.1),,,,,
,,,Guatemala N,,,,,,33,,,4,14,,,10,5,,,66,0.00%,,,,,,,,,,,,
,,,Guatemala S,,,2,,,,,,,,,,,1,,,3,0.00%,,,,,,,,,,,,
,141,128,El Salvador,2,2,4,1,21,,,1,1,2,4,4,7,4,0,3,56,0.00%,46,24%,United States (52),Chile (35),Turkiye (5.8),Spain (3.8),Israel (3.2),,,,,
,,,El Salvador N,2,2,4,1,1,,,1,,,,4,7,4,0,,26,0.00%,,,,,,,,,,,,
,,,El Salvador S,,,,,20,,,,,2,4,,,,,3,29,0.00%,,,,,,,,,,,,
,,,El Salvador R,,,,,,,,,1,,,,,,,,1,0.00%,,,,,,,,,,,,
,142,161,Benin,0,0,20,3,,,1,,,,1,,3,12,7,4,50,0.00%,11,376%,France (50),Jordan (17),South Africa (13),China (8.0),United States (3.0),Belarus (2.9),Spain (2.1),unknown supplier(s) (2.1),United Arab Emirates (1.4),
,,,Benin N,0,0,20,3,,,1,,,,,,3,,5,2,34,0.00%,,,,,,,,,,,,
,,,Benin S,,,,,,,,,,,1,,,12,2,2,16,0.00%,,,,,,,,,,,,
,143,214,Iceland,,50,,,,,,,,,,,,,,,50,0.00%,,,Norway (100),,,,,,,,,
,,,Iceland N,,50,,,,,,,,,,,,,,,50,0.00%,,,,,,,,,,,,
,144,158,Paraguay,3,8,7,0,,,,,,2,,5,,,,24,50,0.00%,13,288%,Brazil (42),Israel (24),Taiwan (19),United States (8.5),Canada (4.0),Argentina (2.4),,,,
,,,Paraguay N,,7,7,,,,,,,,,2,,,,20,36,0.00%,,,,,,,,,,,,
,,,Paraguay S,3,1,0,0,,,,,,2,,3,,,,4,14,0.00%,,,,,,,,,,,,
,145,106,United Nations**,,,,6,23,3,9,,,,,,,,4,,45,0.00%,107,-58%,South Africa (53),Israel (20),United Arab Emirates (16),United States (9.6),Italy (1.3),,,,,
,,,United Nations** N,,,,6,23,3,9,,,,,,,,,,40,0.00%,,,,,,,,,,,,
,,,United Nations** S,,,,,,,,,,,,,,,4,,4,0.00%,,,,,,,,,,,,
,,,United Nations** R,,,,1,,,,,,,,,,,,,1,0.00%,,,,,,,,,,,,
,146,218,Kosovo,,,,,1,,,,1,,3,9,1,14,,8,38,0.00%,,,United States (56),Turkiye (44),,,,,,,,
,,,Kosovo N,,,,,1,,,,1,,3,,1,14,,,21,0.00%,,,,,,,,,,,,
,,,Kosovo S,,,,,,,,,,,,9,,,,8,17,0.00%,,,,,,,,,,,,
,147,132,Guinea,5,1,4,,5,,,2,1,4,,1,,1,6,6,36,0.00%,38,-5.30%,United Arab Emirates (35),South Africa (30),unknown supplier(s) (22),France (6.6),China (3.9),Russia (1.7),,,,
,,,Guinea N,1,1,,,5,,,,1,4,,1,,1,6,6,26,0.00%,,,,,,,,,,,,
,,,Guinea S,4,,4,,,,,2,,,,,,,,,10,0.00%,,,,,,,,,,,,
,148,165,Papua New Guinea,,,,,3,,,0,8,,,14,,9,,,34,0.00%,8,311%,Australia (91),New Zealand (7.9),China (1.0),,,,,,,
,,,Papua New Guinea N,,,,,,,,0,8,,,14,,9,,,31,0.00%,,,,,,,,,,,,
,,,Papua New Guinea S,,,,,3,,,,,,,,,,,,3,0.00%,,,,,,,,,,,,
,149,141,Maldives,5,,,5,,,,,,2,3,2,,,7,11,34,0.00%,23,46%,Turkiye (50),India (46),United Arab Emirates (4.5),,,,,,,
,,,Maldives N,5,,,5,,,,,,,,,,,7,2,18,0.00%,,,,,,,,,,,,
,,,Maldives S,,,,,,,,,,2,3,2,,,,10,16,0.00%,,,,,,,,,,,,
,150,246,Timor-Leste,18,14,,,,,,,,,,,,,,,32,0.00%,,,China (56),South Korea (44),,,,,,,,
,,,Timor-Leste N,18,,,,,,,,,,,,,,,,18,0.00%,,,,,,,,,,,,
,,,Timor-Leste S,,14,,,,,,,,,,,,,,,14,0.00%,,,,,,,,,,,,
,151,119,Hezbollah (Lebanon)*,30,,,,,,,,,,,,,1,,,31,0.00%,66,-54%,Syria (98),Iran (2.4),,,,,,,,
,,,Hezbollah (Lebanon)* N,30,,,,,,,,,,,,,1,,,31,0.00%,,,,,,,,,,,,
,152,223,Montenegro,,,,,,1,0,,15,,5,1,2,,6,1,31,0.00%,,,United States (93),Austria (4.2),Germany (2.3),Turkiye (0.5),,,,,,
,,,Montenegro N,,,,,,1,0,,15,,5,1,2,,6,1,31,0.00%,,,,,,,,,,,,
,153,167,Malawi,,,1,3,2,3,0,,,,,,19,,2,,31,0.00%,6,395%,China (52),South Africa (37),Canada (9.8),United Kingdom (1.0),,,,,,
,,,Malawi N,,,1,3,2,2,,,,,,,19,,2,,30,0.00%,,,,,,,,,,,,
,,,Malawi S,,,,,,1,0,,,,,,,,,,1,0.00%,,,,,,,,,,,,
,154,177,Somalia,,,,3,,1,2,2,,8,2,2,,4,4,2,29,0.00%,1,3060%,Italy (33),Qatar (28),Turkiye (9.5),France (7.1),United Kingdom (6.8),China (6.1),South Africa (4.6),United Arab Emirates (3.3),United States (2.0),
,,,Somalia N,,,,,,,2,2,,8,,1,,,,,13,0.00%,,,,,,,,,,,,
,,,Somalia S,,,,3,,1,,,,,2,1,,4,4,2,16,0.00%,,,,,,,,,,,,
,155,118,African Union**,,,,2,,2,,,5,3,,3,8,6,,,29,0.00%,75,-61%,China (49),South Africa (35),Egypt (8.6),United States (6.9),Israel (1.0),,,,,
,,,African Union** N,,,,2,,,,,5,3,,3,8,6,,,27,0.00%,,,,,,,,,,,,
,,,African Union** S,,,,,,2,,,,,,,,,,,2,0.00%,,,,,,,,,,,,
,156,162,Guyana,,,,,,,,,0,2,,5,,5,9,5,27,0.00%,10,169%,United States (70),India (16),United Kingdom (7.4),Italy (4.8),Brazil (1.8),,,,,
,,,Guyana N,,,,,,,,,,,,5,,5,9,5,24,0.00%,,,,,,,,,,,,
,,,Guyana S,,,,,,,,,0,2,,,,,,,2,0.00%,,,,,,,,,,,,
,157,148,Fiji,,,,,,,,1,,,7,,,,16,,24,0.00%,18,35%,Australia (100),,,,,,,,,
,,,Fiji N,,,,,,,,,,,7,,,,14,,21,0.00%,,,,,,,,,,,,
,,,Fiji S,,,,,,,,1,,,,,,,2,,3,0.00%,,,,,,,,,,,,
,158,248,Ukraine Rebels*,,,,,24,,,,,,,,,,,,24,0.00%,,,Russia (100),,,,,,,,,
,,,Ukraine Rebels* N,,,,,5,,,,,,,,,,,,5,0.00%,,,,,,,,,,,,
,,,Ukraine Rebels* S,,,,,2,,,,,,,,,,,,2,0.00%,,,,,,,,,,,,
,,,Ukraine Rebels* R,,,,,17,,,,,,,,,,,,17,0.00%,,,,,,,,,,,,
,159,139,Suriname,,,0,7,,3,,,,,,,,,12,,22,0.00%,25,-13%,Netherlands (56),France (30),India (13),Colombia (0.7),,,,,,
,,,Suriname N,,,0,7,,3,,,,,,,,,12,,22,0.00%,,,,,,,,,,,,
,160,154,Moldova,,,,,,,,,,,,,,13,4,5,21,0.00%,14,49%,France (48),Israel (22),Poland (17),Germany (13),,,,,,
,,,Moldova N,,,,,,,,,,,,,,10,4,5,18,0.00%,,,,,,,,,,,,
,,,Moldova S,,,,,,,,,,,,,,3,,,3,0.00%,,,,,,,,,,,,
,161,102,Zimbabwe,,,,,,,,,,,,,,20,,,20,0.00%,,,,,,,,,,,,
,,,Zimbabwe N,,,,,,,,,,,,,,20,,,20,0.00%,,,,,,,,,,,,
,162,237,RSF (Sudan)*,,,,,,,,,,,,,,,2,17,19,0.00%,,,unknown supplier(s) (100),,,,,,,,,
,,,RSF (Sudan)* N,,,,,,,,,,,,,,,,17,17,0.00%,,,,,,,,,,,,
,,,RSF (Sudan)* S,,,,,,,,,,,,,,,2,,2,0.00%,,,,,,,,,,,,
,163,83,North Macedonia,,,0,1,,,0,,,,,,1,5,1,9,17,0.00%,262,-93%,United States (71),Turkiye (23),Ireland (6.6),,,,,,,
,,,North Macedonia N,,,0,,,,0,,,,,,1,5,1,9,16,0.00%,,,,,,,,,,,,
,,,North Macedonia S,,,,1,,,,,,,,,,,,,1,0.00%,,,,,,,,,,,,
,164,164,Liberia,,,,,,,,,,1,,,,14,,0,15,0.00%,10,60%,United States (81),Germany (9.8),United Arab Emirates (7.3),Israel (1.6),,,,,,
,,,Liberia N,,,,,,,,,,1,,,,14,,0,15,0.00%,,,,,,,,,,,,
,165,98,Bosnia-Herzegovina,,,,,,,,0,,0,0,12,,,,1,15,0.00%,169,-91%,United States (91),Turkiye (9.3),,,,,,,,
,,,Bosnia-Herzegovina N,,,,,,,,,,,,12,,,,1,14,0.00%,,,,,,,,,,,,
,,,Bosnia-Herzegovina S,,,,,,,,0,,0,0,,,,,,1,0.00%,,,,,,,,,,,,
,166,240,Solomon Islands,,,,,,,,,,7,,7,,,,,14,0.00%,,,Australia (100),,,,,,,,,
,,,Solomon Islands N,,,,,,,,,,7,,7,,,,,14,0.00%,,,,,,,,,,,,
,167,182,Tonga,,,,,,,,,,7,7,,,,,,14,0.00%,0,5203%,Australia (100),,,,,,,,,
,,,Tonga N,,,,,,,,,,7,7,,,,,,14,0.00%,,,,,,,,,,,,
,168,147,Burundi,2,,5,,,1,3,,,2,,,,,,,14,0.00%,18,-24%,China (38),United States (31),South Africa (31),,,,,,,
,,,Burundi N,,,5,,,,,,,2,,,,,,,7,0.00%,,,,,,,,,,,,
,,,Burundi S,,,,,,1,3,,,,,,,,,,4,0.00%,,,,,,,,,,,,
,,,Burundi R,2,,,,,,,,,,,,,,,,2,0.00%,,,,,,,,,,,,
,169,160,Cabo Verde,,,10,,,,,,,3,,,,,,,13,0.00%,11,18%,Netherlands (77),Portugal (23),,,,,,,,
,,,Cabo Verde N,,,10,,,,,,,,,,,,,,10,0.00%,,,,,,,,,,,,
,,,Cabo Verde S,,,,,,,,,,3,,,,,,,3,0.00%,,,,,,,,,,,,
,170,136,Palestine,5,,,,,,1,,,1,,,,2,,,9,0.00%,31,-70%,Russia (59),Jordan (41),,,,,,,,
,,,Palestine N,,,,,,,1,,,1,,,,2,,,4,0.00%,,,,,,,,,,,,
,,,Palestine S,5,,,,,,,,,,,,,,,,5,0.00%,,,,,,,,,,,,
,171,196,Costa Rica,,,,,,,,,0,8,,,,,,,8,0.00%,,,United States (100),,,,,,,,,
,,,Costa Rica N,,,,,,,,,0,8,,,,,,,8,0.00%,,,,,,,,,,,,
,172,250,Vanuatu,,,,,,,,,,,,7,,,,,7,0.00%,,,Australia (100),,,,,,,,,
,,,Vanuatu N,,,,,,,,,,,,7,,,,,7,0.00%,,,,,,,,,,,,
,173,186,Bhutan,,,,,,1,1,,,,,5,,,,,6,0.00%,0,5718%,Thailand (70),France (30),,,,,,,,
,,,Bhutan N,,,,,,1,1,,,,,5,,,,,6,0.00%,,,,,,,,,,,,
,174,122,Sierra Leone,,2,0,1,,1,2,,,,,,,,,,6,0.00%,59,-90%,China (87),South Africa (13),,,,,,,,
,,,Sierra Leone N,,2,0,1,,1,2,,,,,,,,,,6,0.00%,,,,,,,,,,,,
,175,142,Madagascar,,,,,,,,,2,1,1,,,,,3,6,0.00%,21,-74%,Czechia (47),South Africa (28),United Arab Emirates (15),unknown supplier(s) (9.1),,,,,,
,,,Madagascar N,,,,,,,,,,,1,,,,,3,3,0.00%,,,,,,,,,,,,
,,,Madagascar S,,,,,,,,,2,1,,,,,,,2,0.00%,,,,,,,,,,,,
,176,245,Syria rebels*,,,1,1,0,,,2,,1,,,,,,,5,0.00%,,,unknown supplier(s) (38),Turkiye (34),United Arab Emirates (17),United States (5.7),Croatia (5.3),,,,,
,,,Syria rebels* N,,,1,1,,,,1,,,,,,,,,3,0.00%,,,,,,,,,,,,
,,,Syria rebels* S,,,0,,0,,,1,,1,,,,,,,2,0.00%,,,,,,,,,,,,
,177,157,Lesotho,,,,,,,,1,1,1,,,,,,,4,0.00%,13,-71%,France (100),,,,,,,,,
,,,Lesotho N,,,,,,,,1,1,1,,,,,,,4,0.00%,,,,,,,,,,,,
,178,176,Belize,,,,,,,2,,,,,,,1,,,3,0.00%,1,229%,Taiwan (68),United States (32),,,,,,,,
,,,Belize N,,,,,,,,,,,,,,1,,,1,0.00%,,,,,,,,,,,,
,,,Belize S,,,,,,,2,,,,,,,,,,2,0.00%,,,,,,,,,,,,
,179,211,Hamas (Palestine)*,1,2,,,0,,,,,,,,,,,,3,0.00%,,,unknown supplier(s) (92),North Korea (8.2),,,,,,,,
,,,Hamas (Palestine)* N,1,,,,0,,,,,,,,,,,,1,0.00%,,,,,,,,,,,,
,,,Hamas (Palestine)* S,,2,,,,,,,,,,,,,,,2,0.00%,,,,,,,,,,,,
,180,143,Gambia,,,,,,,,,,,,,1,0,,1,3,0.00%,21,-88%,Turkiye (100),,,,,,,,,
,,,Gambia N,,,,,,,,,,,,,1,,,,1,0.00%,,,,,,,,,,,,
,,,Gambia S,,,,,,,,,,,,,,0,,1,1,0.00%,,,,,,,,,,,,
,181,172,eSwatini,,,,,,,,,,,2,,,,,,2,0.00%,2,-13%,Taiwan (100),,,,,,,,,
,,,eSwatini S,,,,,,,,,,,2,,,,,,2,0.00%,,,,,,,,,,,,
,182,175,United Wa State (Myanmar)*,,,,,2,,,,,,,,,,,,2,0.00%,1,100%,China (100),,,,,,,,,
,,,United Wa State (Myanmar)* N,,,,,2,,,,,,,,,,,,2,0.00%,,,,,,,,,,,,
,183,219,Kurdistan Regional Government (Iraq)*,,,,,1,1,,,,,,,,,,,2,0.00%,,,unknown supplier(s) (100),,,,,,,,,
,,,Kurdistan Regional Government (Iraq)* N,,,,,1,1,,,,,,,,,,,2,0.00%,,,,,,,,,,,,
,184,228,OSCE**,,,,,1,1,,,,,,,,,,,1,0.00%,,,Austria (100),,,,,,,,,
,,,OSCE** N,,,,,1,1,,,,,,,,,,,1,0.00%,,,,,,,,,,,,
,185,169,Comoros,,,1,,,,,,,,,,,,,0,1,0.00%,6,-79%,Brazil (89),United Arab Emirates (11),,,,,,,,
,,,Comoros N,,,,,,,,,,,,,,,,0,0,0.00%,,,,,,,,,,,,
,,,Comoros S,,,1,,,,,,,,,,,,,,1,0.00%,,,,,,,,,,,,
,186,209,Haiti,,,,,,,,,,,,,,,,1,1,0.00%,,,Canada (100),,,,,,,,,
,,,Haiti N,,,,,,,,,,,,,,,,1,1,0.00%,,,,,,,,,,,,
,187,198,Darfur rebels (Sudan)*,,,,,,,1,,0,,,,,,,,1,0.00%,,,House of Representatives (Libya)* (100),,,,,,,,,
,,,Darfur rebels (Sudan)* S,,,,,,,1,,0,,,,,,,,1,0.00%,,,,,,,,,,,,
,188,192,Antigua and Barbuda,,,,,,,,,,,,,0,0,,,1,0.00%,,,unknown supplier(s) (56),Dominican Republic (44),,,,,,,,
,,,Antigua and Barbuda S,,,,,,,,,,,,,0,0,,,1,0.00%,,,,,,,,,,,,
,189,227,NTC (Libya)*,,1,,,,,,,,,,,,,,,1,0.00%,,,unknown supplier(s) (62),Qatar (38),,,,,,,,
,,,NTC (Libya)* S,,1,,,,,,,,,,,,,,,1,0.00%,,,,,,,,,,,,
,190,67,North Korea,1,,,,,,,,,,,,,,,,1,0.00%,797,-100%,Russia (100),,,,,,,,,
,,,North Korea N,1,,,,,,,,,,,,,,,,1,0.00%,,,,,,,,,,,,
,191,230,Palestinian Islamic Jihad (Israel/Palestine)*,,,0,,,,,,,,,,,,,,0,0.00%,,,unknown supplier(s) (100),,,,,,,,,
,,,Palestinian Islamic Jihad (Israel/Palestine)* N,,,0,,,,,,,,,,,,,,0,0.00%,,,,,,,,,,,,
,192,180,PKK (Turkiye)*,,,,,,0,,,,,,,,,,,0,0.00%,0,-20%,unknown supplier(s) (100),,,,,,,,,
,,,PKK (Turkiye)* S,,,,,,0,,,,,,,,,,,0,0.00%,,,,,,,,,,,,
,193,253,Western Sahara,,,,,,,0,,,,,,,,,,0,0.00%,,,Libya (100),,,,,,,,,
,,,Western Sahara S,,,,,,,0,,,,,,,,,,0,0.00%,,,,,,,,,,,,
,194,234,PRC (Israel/Palestine)*,,,,,0,,,,,,,,,,,,0,0.00%,,,North Korea (100),,,,,,,,,
,,,PRC (Israel/Palestine)* N,,,,,0,,,,,,,,,,,,0,0.00%,,,,,,,,,,,,
,,,Others,0,0,0,0,0,0,0,0,0,0,0,0,0,0,0,0,0,0.00%,,,,,,,,,,,,
,,,Others N,0,0,0,0,0,0,0,0,0,0,0,0,0,0,0,0,0,0.00%,,,,,,,,,,,,
,,,Others S,0,0,0,0,0,0,0,0,0,0,0,0,0,0,0,0,0,0.00%,,,,,,,,,,,,
,,,Others R,0,0,0,0,0,0,0,0,0,0,0,0,0,0,0,0,0,0.00%,,,,,,,,,,,,
,,,Total,25832,29928,27937,27407,27127,28722,31481,31279,27368,27036,24055,27084,33297,29527,30721,33535,462335,100%,,,,,,,,,,,,
,,,Total N,23448,27422,25381,25818,25232,26176,29076,29074,25746,25520,22056,25482,29429,25041,26018,31110,422032,91%,,,,,,,,,,,,
,,,Total S,1437,1533,1781,1326,1573,1803,1428,1269,999,1159,1777,1280,3761,4241,4612,2368,32346,7.00%,,,,,,,,,,,,
,,,Total R,948,973,774,263,322,742,977,936,623,357,222,322,106,245,91,56,7957,1.70%,,,,,,,,,,,,
